Food Item (खाद्य पदार्थ),Category (श्रेणी),Calories (per 100g),Protein (g),Carbs (g),Fat (g),Rasa (Taste) (रस),Virya (Potency) (वीर्य),Guna (Quality) (गुण),Vipaka (Post-digestive) (विपाक),Suitable for (Vata/Pitta/Kapha),Notes (Digestion / Special Effects)
Rice (चावल),Grains,130,2.7,28,0.3,Sweet (मधुर),Cooling (शीत),"Light, Soft (लघु, मृदु)",Sweet (मधुर),"Balances V, P. Can increase K.","Easy to digest, provides energy."
Brown Rice (भूरा चावल),Grains,111,2.6,23,0.9,Sweet (मधुर),Cooling (शीत),"Heavy, Dry (गुरु, रूक्ष)",Sweet (मधुर),"Balances P. Can increase V, K.","More fiber, harder to digest than white rice."
Whole Wheat (गेहूं),Grains,340,13.2,72,2.5,Sweet (मधुर),Cooling (शीत),Heavy (गुरु),Sweet (मधुर),"Balances V, P. Increases K.",Nourishing and strengthening. Can be heavy.
Barley (जौ),Grains,354,12.5,73.5,2.3,"Sweet, Astringent (मधुर, कषाय)",Cooling (शीत),"Light, Dry (लघु, रूक्ष)",Pungent (कटु),"Balances P, K. Can increase V.","Excellent for managing Kapha, diuretic."
Oats (जई),Grains,389,16.9,66.3,6.9,Sweet (मधुर),Cooling (शीत),"Heavy, Moist (गुरु, स्निग्ध)",Sweet (मधुर),"Balances V, P. Can increase K.","Strengthening, good for post-illness recovery."
Quinoa (क्विनोआ),Grains,368,14,64,6,"Sweet, Astringent (मधुर, कषाय)",Heating (उष्ण),"Light, Dry (लघु, रूक्ष)",Pungent (कटु),"Balances K, P. Can increase V.","A complete protein, good alternative to rice."
Jowar (ज्वार),Millets,339,11.3,75,3.3,"Sweet, Astringent (मधुर, कषाय)",Cooling (शीत),"Light, Dry (लघु, रूक्ष)",Pungent (कटु),"Balances P, K. Increases V.","Gluten-free, cooling for the body."
Bajra (बाजरा),Millets,378,11,67,5,"Sweet, Astringent (मधुर, कषाय)",Heating (उष्ण),"Light, Dry (लघु, रूक्ष)",Pungent (कटु),"Balances V, K. Can increase P.","Heating nature, best for winter. Very strengthening."
Ragi (रागी),Millets,336,7.7,72.6,1.5,"Sweet, Astringent (मधुर, कषाय)",Cooling (शीत),"Light, Dry (लघु, रूक्ष)",Pungent (कटु),"Balances P, K. Can slightly increase V.","Rich in calcium, grounding, good for bones."
Corn (मक्का),Grains,86,3.2,19,1.2,Sweet (मधुर),Cooling (शीत),"Light, Dry (लघु, रूक्ष)",Sweet (मधुर),"Balances P, K. Can increase V.",Can be drying; best cooked with some fat.
Amaranth (राजगिरा),Grains,371,14,65,7,"Sweet, Astringent (मधुर, कषाय)",Cooling (शीत),"Light, Dry (लघु, रूक्ष)",Sweet (मधुर),"Balances P, K. Can increase V.",Gluten-free and high in protein. Often used during fasting.
Buckwheat (कुट्टू),Grains,343,13,72,3.4,"Sweet, Astringent (मधुर, कषाय)",Heating (उष्ण),"Light, Dry (लघु, रूक्ष)",Sweet (मधुर),"Balances K, V. Can increase P.",Warming and drying. Another common grain for fasting.
Foxtail Millet (कंगनी),Millets,351,11.2,63.2,4.3,"Sweet, Astringent (मधुर, कषाय)",Heating (उष्ण),"Light, Dry (लघु, रूक्ष)",Sweet (मधुर),"Balances K, V. Can slightly increase P.",Good for balancing blood sugar. Easy to digest.
Barnyard Millet (साँवा चावल),Millets,307,6.2,65.5,2.2,Sweet (मधुर),Cooling (शीत),"Light, Dry (लघु, रूक्ष)",Sweet (मधुर),"Balances P, K. Can increase V.",Very light and easy to digest. Often used as a rice substitute during fasts.
Kodo Millet (कोदो),Millets,309,8.3,65.9,1.4,"Sweet, Astringent (मधुर, कषाय)",Cooling (शीत),"Light, Dry (लघु, रूक्ष)",Pungent (कटु),"Balances P, K. Can increase V.",Common in Chhattisgarh. Detoxifying and rich in fiber.
Little Millet (कुटकी),Millets,341,7.7,67,4.7,Sweet (मधुर),Cooling (शीत),"Light, Dry (लघु, रूक्ष)",Sweet (मधुर),"Balances all doshas, especially Pitta.","A very balancing millet, good for calming Pitta."
Proso Millet (चेना),Millets,378,12.5,70,5.2,Sweet (मधुर),Heating (उष्ण),"Light, Dry (लघु, रूक्ष)",Sweet (मधुर),"Balances K, V. Can increase P.","Gluten-free, has a low glycemic index."
Semolina (सूजी / रवा),Grains,360,13,73,1,Sweet (मधुर),Heating (उष्ण),Heavy (गुरु),Sweet (मधुर),"Balances V. Increases P, K.",Processed wheat. Can be heavy. Quick to cook.
Puffed Rice (मुरमुरा),Grains,402,6,90,0.5,Sweet (मधुर),Cooling (शीत),"Very Light, Dry (अति लघु, रूक्ष)",Sweet (मधुर),"Balances K, P. Significantly increases V.",Extremely light and dry. Must be consumed with fat (oil/ghee) for Vata.
Flattened Rice (पोहा),Grains,346,6.6,77.3,1.2,Sweet (मधुर),Cooling (शीत),"Light, Dry (लघु, रूक्ष)",Sweet (मधुर),"Balances P, K. Can increase V.",Very easy to digest. A popular breakfast food.
Broken Wheat (दलिया),Grains,342,12,76,2,Sweet (मधुर),Cooling (शीत),Heavy (गुरु),Sweet (मधुर),"Balances V, P. Can increase K.",Lighter than whole wheat roti. Good for convalescence.
Sago (साबूदाना),Starch,358,0.2,88.7,0.2,Sweet (मधुर),Cooling (शीत),"Heavy, Unctuous (गुरु, स्निग्ध)",Sweet (मधुर),"Balances V, P. Increases K.","Pure starch, provides quick energy but can be heavy."
Water Chestnut Flour (सिंघाड़ा आटा),Flours,115,2,26.6,0.1,Sweet (मधुर),Cooling (शीत),"Heavy, Unctuous (गुरु, स्निग्ध)",Sweet (मधुर),"Excellent for V, P. Increases K.","Cooling, strengthening, and nourishing. Used during fasting."
Arrowroot (अरारोट),Starch,65,4.2,13.4,0.2,Sweet (मधुर),Cooling (शीत),Very Light (अति लघु),Sweet (मधुर),Excellent for P. Balances K. Can increase V.,"Extremely easy to digest, soothes the stomach. Used as a thickener."
Chickpea Flour (बेसन),Flours,387,22,58,7,"Astringent, Sweet",Cooling (शीत),"Light, Dry (लघु, रूक्ष)",Pungent (कटु),"Balances P, K. Increases V.",Very drying. Used in batters. Avoid for Vata imbalance.
Rice Flour (चावल का आटा),Flours,366,6,80,1.4,Sweet (मधुर),Cooling (शीत),"Heavy, Dry (गुरु, रूक्ष)",Sweet (मधुर),"Balances P. Can increase V, K.",Gluten-free. Can be harder to digest than whole rice.
Maize Flour (मक्की का आटा),Flours,362,9,77,4,Sweet (मधुर),Cooling (शीत),"Heavy, Dry (गुरु, रूक्ष)",Sweet (मधुर),"Balances P, K. Increases V.",Gluten-free. Famously used for *Makki di Roti*.
Moong Dal (मूंग दाल),Lentils,347,24,63,1.2,"Astringent, Sweet",Cooling (शीत),"Light, Dry (लघु, रूक्ष)",Pungent (कटु),Best for all doshas (Tridoshic).,Easiest lentil to digest. Excellent for recovery.
Toor Dal (अरहर दाल),Lentils,343,22,63,1.5,"Astringent, Sweet",Heating (उष्ण),"Light, Dry (लघु, रूक्ष)",Pungent (कटु),"Balances P, K. Can increase V.",Best cooked with ghee to balance Vata.
Masoor Dal (मसूर दाल),Lentils,353,26,60,1,"Sweet, Astringent",Cooling (शीत),"Light, Dry (लघु, रूक्ष)",Pungent (कटु),"Balances P, K. Can increase V.",Nourishing for the blood.
Urad Dal (उड़द दाल),Lentils,341,25,59,1.6,Sweet (मधुर),Heating (उष्ण),"Heavy, Unctuous (गुरु, स्निग्ध)",Sweet (मधुर),"Balances V. Increases P, K.",Very strengthening but heavy to digest.
Chana Dal (चना दाल),Lentils,378,20.8,61.2,5.6,"Astringent, Sweet",Cooling (शीत),"Light, Dry (लघु, रूक्ष)",Pungent (कटु),"Balances P, K. Increases V.",Can cause gas. Soak well and use spices like hing.
Chickpeas (काबुली चना),Legumes,364,19,61,6,"Astringent, Sweet",Cooling (शीत),"Light, Dry (लघु, रूक्ष)",Pungent (कटु),"Balances P, K. Increases V.",Can cause gas/bloating; soak well.
Kala Chana (काला चना),Legumes,378,20,63,6,"Astringent, Sweet",Cooling (शीत),"Light, Dry (लघु, रूक्ष)",Pungent (कटु),"Balances P, K. Increases V.",More fiber and harder to digest than white chickpeas.
Kidney Beans (राजमा),Legumes,333,24,60,0.8,Sweet (मधुर),Cooling (शीत),"Heavy, Dry (गुरु, रूक्ष)",Sweet (मधुर),"Balances V, P. Can increase K.",Heavy to digest. Needs proper soaking and cooking.
Black-eyed Peas (लोबिया),Legumes,336,23.5,60,1.3,"Sweet, Astringent",Cooling (शीत),"Light, Dry (लघु, रूक्ष)",Pungent (कटु),"Balances P, K. Can increase V.",Lighter than other beans.
Soya Bean (सोयाबीन),Legumes,446,36,30,20,"Sweet, Astringent",Cooling (शीत),"Heavy, Unctuous (गुरु, स्निग्ध)",Sweet (मधुर),"Balances V. Can increase K, P.",Heavy to digest; best in fermented forms.
Green Peas (हरी मटर),Legumes,81,5,14,0.4,"Sweet, Astringent",Cooling (शीत),"Light, Dry (लघु, रूक्ष)",Pungent (कटु),"Can increase V. Balances P, K.",Fresh peas are easier to digest than dried.
Horse Gram (कुलथी),Legumes,321,22,57,0.5,Astringent,Heating (उष्ण),"Light, Dry (लघु, रूक्ष)",Sour (अम्ल),Excellent for K. Balances V. Increases P.,Used traditionally for kidney stones and weight loss.
Moth Beans (मोठ),Legumes,343,23,62,1.6,Sweet,Cooling (शीत),"Light, Dry (लघु, रूक्ष)",Sweet (मधुर),"Balances P, K. Can increase V.",Common in arid regions. Lighter than many beans.
Split Black Gram (छिलका उड़द),Lentils,347,24,60,1.4,Sweet (मधुर),Heating (उष्ण),"Heavy, Unctuous (गुरु, स्निग्ध)",Sweet (मधुर),"Balances V. Increases P, K.","With skin, it has more fiber and is harder to digest than washed dal."
Split Green Gram (छिलका मूंग),Lentils,352,25,60,1.3,"Astringent, Sweet",Cooling (शीत),"Light, Dry (लघु, रूक्ष)",Pungent (कटु),Best for all doshas (Tridoshic).,Lighter than whole moong but heavier than washed yellow moong dal.
Whole Lentil (साबुत मसूर),Lentils,340,24,63,1,"Sweet, Astringent",Cooling (शीत),"Heavy, Dry (गुरु, रूक्ष)",Pungent (कटु),"Balances P, K. Increases V.",Heavier and requires more cooking time than split masoor dal.
Whole Green Gram (साबुत मूंग),Legumes,347,24,63,1.2,"Astringent, Sweet",Cooling (शीत),"Heavy, Dry (गुरु, रूक्ष)",Pungent (कटु),"Tridoshic, but heavier than split dal.","When sprouted, it becomes lighter and easier to digest."
Whole Black Gram (साबुत उड़द),Legumes,341,25,59,1.6,Sweet (मधुर),Heating (उष्ण),"Very Heavy, Unctuous (अति गुरु, स्निग्ध)",Sweet (मधुर),"Excellent for V. Increases P, K.",Foundation of Dal Makhani. Requires long soaking and cooking.
White Peas (सफेद मटर),Legumes,341,25,60,1.2,"Sweet, Astringent",Cooling (शीत),"Light, Dry (लघु, रूक्ष)",Pungent (कटु),"Balances P, K. Increases V.",Dried version of green peas. Used in street food like Ragda.
Peanuts (मूंगफली),Legumes,567,26,16,49,Sweet (मधुर),Heating (उष्ण),"Heavy, Unctuous (गुरु, स्निग्ध)",Sweet (मधुर),"Balances V. Significantly increases P, K.",Botanically a legume. Can be allergenic and heavy.
Potato (आलू),Vegetables,77,2,17,0.1,Sweet (मधुर),Cooling (शीत),"Heavy, Dry (गुरु, रूक्ष)",Sweet (मधुर),"Balances P. Increases V, K.",Grounding but can be heavy. Best when spiced.
Sweet Potato (शकरकंद),Vegetables,86,1.6,20,0.1,Sweet (मधुर),Heating (उष्ण),Heavy (गुरु),Sweet (मधुर),"Balances V. Can increase P, K.",Easier to digest than potato. Very nourishing.
Onion (प्याज),Vegetables,40,1.1,9.3,0.1,"Pungent, Sweet (कटु, मधुर)",Heating (उष्ण),"Heavy, Sharp (गुरु, तीक्ष्ण)",Sweet (मधुर),"Balances V, K. Increases P.",Cooked onions are easier to digest.
Garlic (लहसुन),Vegetables,149,6.4,33,0.5,Pungent (कटु),Heating (उष्ण),"Heavy, Oily, Sharp (गुरु, स्निग्ध, तीक्ष्ण)",Pungent (कटु),"Balances V, K. Increases P.",Powerful digestive and detoxifier.
Carrot (गाजर),Vegetables,41,0.9,10,0.2,"Sweet, Bitter (मधुर, तिक्त)",Heating (उष्ण),"Light, Sharp (लघु, तीक्ष्ण)",Sweet (मधुर),"Balances V, K. Can increase P if excess.",Good for eyes and blood.
Beetroot (चुकंदर),Vegetables,43,1.6,10,0.2,Sweet (मधुर),Heating (उष्ण),Heavy (गुरु),Sweet (मधुर),"Balances V, P. Can increase K.",Excellent blood builder.
Cabbage (पत्ता गोभी),Vegetables,25,1.3,6,0.1,"Astringent, Sweet (कषाय, मधुर)",Cooling (शीत),"Light, Dry (लघु, रूक्ष)",Pungent (कटु),"Balances P, K. Increases V.","Can cause gas, cook well with spices."
Cauliflower (फूल गोभी),Vegetables,25,1.9,5,0.3,"Astringent, Sweet (कषाय, मधुर)",Cooling (शीत),"Light, Dry (लघु, रूक्ष)",Pungent (कटु),"Balances P, K. Increases V.","Can cause gas, easier to digest when cooked."
Bottle Gourd (लौकी),Vegetables,14,0.6,3.4,0.02,Sweet (मधुर),Cooling (शीत),"Light, Moist (लघु, स्निग्ध)",Sweet (मधुर),"Excellent for P. Balances V, K.","Very easy to digest, cooling, good for urinary health."
Ridge Gourd (तुरई),Vegetables,17,0.5,3.4,0.1,Sweet (मधुर),Cooling (शीत),"Light, Dry (लघु, रूक्ष)",Sweet (मधुर),"Balances P, K. Can increase V.",Light and easy to digest.
Bitter Gourd (करेला),Vegetables,17,1,3.7,0.2,"Bitter, Pungent (तिक्त, कटु)",Heating (उष्ण),"Light, Dry (लघु, रूक्ष)",Pungent (कटु),"Excellent for K, P. Increases V.",Best for blood sugar control and detoxification.
Pointed Gourd (परवल),Vegetables,20,2,2.2,0.3,Sweet (मधुर),Cooling (शीत),"Light, Unctuous (लघु, स्निग्ध)",Sweet (मधुर),Balances all doshas (Tridoshic).,"One of the most balanced vegetables, good during illness."
Snake Gourd (चिचिंडा),Vegetables,18,0.5,3,0.3,Sweet (मधुर),Cooling (शीत),"Light, Dry (लघु, रूक्ष)",Sweet (मधुर),"Balances P, K. Can increase V.","Easy to digest, good for fever."
Ash Gourd (पेठा),Vegetables,13,0.4,3,0.2,Sweet (मधुर),Cooling (शीत),"Heavy, Unctuous (गुरु, स्निग्ध)",Sweet (मधुर),"Excellent for V, P. Can increase K.","Calms the nerves, very cooling. Used to make sweets."
Okra (भिंडी),Vegetables,33,1.9,7,0.2,"Sweet, Astringent (मधुर, कषाय)",Cooling (शीत),"Heavy, Unctuous (गुरु, स्निग्ध)",Sweet (मधुर),"Balances V, P. Can increase K.",Slimy quality is good for Vata.
Brinjal (बैंगन),Vegetables,25,1,6,0.2,"Pungent, Astringent (कटु, कषाय)",Heating (उष्ण),"Light, Dry (लघु, रूक्ष)",Pungent (कटु),"Balances V, K. Can increase P.",Can be drying. Cook with oil.
Capsicum (शिमला मिर्च),Vegetables,20,0.9,4.6,0.2,Pungent (कटु),Heating (उष्ण),"Light, Dry (लघु, रूक्ष)",Pungent (कटु),"Balances V, K. Increases P.",Can be hard to digest for some.
Radish (मूली),Vegetables,16,0.7,3.4,0.1,Pungent (कटु),Heating (उष्ण),"Light, Sharp (लघु, तीक्ष्ण)",Pungent (कटु),Balances all doshas (Tridoshic).,Excellent for liver and digestion.
Pumpkin (कद्दू),Vegetables,26,1,7,0.1,Sweet (मधुर),Cooling (शीत),Light (लघु),Sweet (मधुर),Balances all doshas (Tridoshic).,"Easy to digest, grounding."
Drumstick (सहजन),Vegetables,37,2.1,8.5,0.2,"Pungent, Bitter (कटु, तिक्त)",Heating (उष्ण),"Light, Dry, Sharp (लघु, रूक्ष, तीक्ष्ण)",Pungent (कटु),"Excellent for K, V. Can increase P.","Highly nutritious, good for joints and purification."
Raw Jackfruit (कटहल),Vegetables,95,1.7,23,0.6,"Astringent, Sweet (कषाय, मधुर)",Cooling (शीत),"Heavy, Dry (गुरु, रूक्ष)",Sweet (मधुर),"Can increase V, K. Balances P.",Heavy to digest. Cook with strong spices.
Taro Root (अरबी),Vegetables,112,1.5,26,0.2,Sweet (मधुर),Cooling (शीत),"Heavy, Unctuous (गुरु, स्निग्ध)",Sweet (मधुर),"Balances V, P. Increases K.",Can be slimy. Cook well to avoid throat irritation.
Yam (जिमीकंद),Vegetables,118,1.5,28,0.2,"Pungent, Astringent (कटु, कषाय)",Heating (उष्ण),"Light, Dry (लघु, रूक्ष)",Pungent (कटु),Excellent for K. Balances V. Can increase P.,Good for hemorrhoids. Cook thoroughly.
French Beans (बीन्स),Vegetables,31,1.8,7,0.1,"Sweet, Astringent (मधुर, कषाय)",Cooling (शीत),"Light, Dry (लघु, रूक्ष)",Pungent (कटु),"Balances P, K. Increases V.",Drying nature can aggravate Vata.
Cluster Beans (ग्वार फली),Vegetables,15,3.2,10.8,0.4,Astringent (कषाय),Heating (उष्ण),"Light, Dry (लघु, रूक्ष)",Pungent (कटु),"Balances K, P. Increases V.",Can be slightly bitter. Good for balancing sugars.
Boda Mushroom (बोड़ा),Vegetables,28,3,3,0.3,"Sweet, Earthy (मधुर)",Cooling (शीत),"Heavy, Unctuous (गुरु, स्निग्ध)",Sweet (मधुर),"Balances V, P. Can increase K.",A prized seasonal mushroom from Sal forests of Chhattisgarh. Very nourishing.
Spinach (पालक),Leafy Greens,23,2.9,3.6,0.4,Astringent (कषाय),Cooling (शीत),Light (लघु),Pungent (कटु),"Balances P, K. Can increase V.",Cleansing and rich in iron.
Fenugreek Leaves (मेथी),Leafy Greens,49,4.4,6,0.9,Bitter (तिक्त),Heating (उष्ण),"Light, Dry (लघु, रूक्ष)",Pungent (कटु),"Balances V, K. Can increase P.",Good for digestion and blood sugar.
Mustard Greens (सरसों),Leafy Greens,27,2.7,4.7,0.4,Pungent (कटु),Heating (उष्ण),"Sharp, Light, Dry (तीक्ष्ण, लघु, रूक्ष)",Pungent (कटु),"Balances K, V. Increases P.",Very heating. Best eaten in winter.
Amaranth Greens (चौलाई),Leafy Greens,23,2.5,4,0.3,"Sweet, Astringent (मधुर, कषाय)",Cooling (शीत),"Light, Dry (लघु, रूक्ष)",Sweet (मधुर),"Balances P, K. Can increase V.","Highly nutritious, good source of iron and calcium."
Dill Leaves (सोआ भाजी),Leafy Greens,43,3.5,7,1.1,"Pungent, Bitter (कटु, तिक्त)",Heating (उष्ण),"Light, Sharp (लघु, तीक्ष्ण)",Pungent (कटु),"Excellent for V, K. Can increase P.","Promotes lactation, relieves gas."
Bathua (बथुआ),Leafy Greens,43,4.2,7,0.7,"Salty, Sweet (लवण, मधुर)",Heating (उष्ण),Light (लघु),Sweet (मधुर),Balances all doshas (Tridoshic).,"Blood purifier, laxative. Common in winter."
Drumstick Leaves (सहजन पत्ते),Leafy Greens,64,9.4,8.3,1.4,"Pungent, Bitter (कटु, तिक्त)",Heating (उष्ण),"Light, Dry, Sharp (लघु, रूक्ष, तीक्ष्ण)",Pungent (कटु),"Excellent for K, V. Increases P.","Extremely nutritious, considered a superfood."
Chench Bhaji (चेंच भाजी),Leafy Greens,25,2.6,4.2,0.4,"Slightly Sour, Astringent (अम्ल, कषाय)",Heating (उष्ण),"Light, Dry (लघु, रूक्ष)",Sour (अम्ल),"Balances V, K. Can increase P.",A popular local bhaji in Chhattisgarh. Good source of Vitamin C.
Karmatta Bhaji (करमत्ता भाजी),Leafy Greens,30,3,5,0.5,"Bitter, Astringent (तिक्त, कषाय)",Cooling (शीत),"Light, Dry (लघु, रूक्ष)",Pungent (कटु),"Excellent for P, K. Can increase V.",Water spinach. Very common in Chhattisgarh. Cleansing and cooling.
Pointed Gourd (परवल),Vegetable,20,2,3.5,0.4,"Astringent, Bitter (कषाय, तिक्त)",Cooling (शीत),Light (लघु),Pungent (कटु),"Balances P, K. Can increase V.","Good for digestion, mild laxative."
Ridge Gourd (तुरई),Vegetable,20,0.5,4.3,0.2,"Sweet, Bitter (मधुर, तिक्त)",Cooling (शीत),Light (लघु),Sweet (मधुर),"Balances P, K. Can increase V.",Very light and easy to digest.
Bottle Gourd (लौकी),Vegetable,14,0.6,3.4,0.1,Sweet (मधुर),Cooling (शीत),Light (लघु),Sweet (मधुर),"Balances P, K. Slightly increases V.",Excellent for heart and digestion.
Bitter Gourd (करेला),Vegetable,34,3.6,7,0.2,Bitter (तिक्त),Cooling (शीत),"Light, Dry (लघु, रूक्ष)",Pungent (कटु),"Balances P, K. Can aggravate V.","Blood purifier, reduces sugar."
Beetroot (चुकंदर),Root Vegetable,43,1.6,10,0.2,Sweet (मधुर),Cooling (शीत),Heavy (गुरु),Sweet (मधुर),"Good for V, K. Can increase P.","Improves blood, stamina booster."
Carrot (गाजर),Root Vegetable,41,0.9,10,0.2,Sweet (मधुर),Cooling (शीत),Light (लघु),Sweet (मधुर),"Balances P, K. Can increase V.","Rich in Vitamin A, good for eyes."
Radish (मूली),Root Vegetable,16,0.7,3.4,0.1,Pungent (कटु),Heating (उष्ण),"Light, Sharp (लघु, तीक्ष्ण)",Pungent (कटु),"Balances K. Can aggravate V, P.","Strong digestive stimulant, best in winter."
Okra (भिंडी),Vegetable,33,1.9,7,0.2,Sweet (मधुर),Cooling (शीत),"Unctuous, Light (स्निग्ध, लघु)",Sweet (मधुर),"Balances P, V. Can increase K.","Good for digestion, improves strength."
Cabbage (पत्तागोभी),Vegetable,25,1.3,6,0.1,"Sweet, Astringent (मधुर, कषाय)",Cooling (शीत),Light (लघु),Pungent (कटु),"Balances P, K. Increases V.","Detoxifying, rich in Vitamin C."
Cauliflower (फूलगोभी),Vegetable,25,1.9,5,0.3,"Sweet, Astringent (मधुर, कषाय)",Cooling (शीत),"Light, Dry (लघु, रूक्ष)",Pungent (कटु),"Balances P, K. Increases V.","Gas forming, should be cooked well."
Pumpkin (कद्दू),Vegetable,26,1,6.5,0.1,Sweet (मधुर),Cooling (शीत),Light (लघु),Sweet (मधुर),"Balances P, K. Can increase V.","Soothing and nourishing, good for liver."
Green Peas (हरी मटर),Pulse/Vegetable,81,5,14,0.4,Sweet (मधुर),Cooling (शीत),Heavy (गुरु),Sweet (मधुर),"Balances P. Increases V, K.","Rich in protein, can cause gas."
Chickpeas (काबुली चना),Pulse,164,9,27,2.6,"Sweet, Astringent (मधुर, कषाय)",Cooling (शीत),"Heavy, Dry (गुरु, रूक्ष)",Pungent (कटु),"Balances P, K. Increases V.","Good protein source, hard to digest."
Moong Dal (मूंग दाल),Pulse,105,7,19,1,Sweet (मधुर),Cooling (शीत),Light (लघु),Sweet (मधुर),Balances all doshas (Tridoshic).,"Best lentil for digestion, easy to digest."
Black Gram (उड़द दाल),Pulse,341,25,59,1.6,Sweet (मधुर),Heating (उष्ण),"Heavy, Oily (गुरु, स्निग्ध)",Sweet (मधुर),"Balances V. Increases K, P.","Strengthening, aphrodisiac, heavy to digest."
Rice (चावल),Cereal,130,2.4,28,0.3,Sweet (मधुर),Cooling (शीत),Light (लघु),Sweet (मधुर),"Balances P, V. Can increase K.","Easily digestible, nourishing."
Wheat (गेहूँ),Cereal,340,13,72,2.5,Sweet (मधुर),Cooling (शीत),Heavy (गुरु),Sweet (मधुर),"Balances V, P. Increases K.","Nourishing, promotes strength."
Pear (नाशपाती),Fruit,57,0.4,15,0.1,"Sweet, Astringent (मधुर, कषाय)",Cooling (शीत),Light (लघु),Sweet (मधुर),"Balances P, K. Can increase V.","Soothing, hydrating fruit."
Apple (सेब),Fruit,52,0.3,14,0.2,"Sweet, Astringent (मधुर, कषाय)",Cooling (शीत),Light (लघु),Sweet (मधुर),Balances all doshas (Tridoshic).,"Good for heart, digestion."
Banana (केला),Fruit,89,1.1,23,0.3,Sweet (मधुर),Cooling (शीत),"Heavy, Oily (गुरु, स्निग्ध)",Sweet (मधुर),"Balances V. Increases K, P.","Nourishing, builds strength but heavy."
Pomegranate (अनार),Fruit,83,1.7,19,1.2,"Sweet, Astringent (मधुर, कषाय)",Cooling (शीत),Light (लघु),Sweet (मधुर),Balances all doshas (Tridoshic).,Excellent for heart and digestion.
Ginger (अदरक),Spice,80,1.8,18,0.7,Pungent (कटु),Heating (उष्ण),"Light, Sharp (लघु, तीक्ष्ण)",Sweet (मधुर),"Balances V, K. Increases P.","Improves digestion, relieves nausea."
Turmeric (हल्दी),Spice,312,9.7,67,3.3,"Bitter, Pungent (तिक्त, कटु)",Heating (उष्ण),"Light, Dry (लघु, रूक्ष)",Pungent (कटु),"Balances K, V. Increases P.",Powerful anti-inflammatory.
Cumin Seeds (जीरा),Spice,375,18,44,22,Pungent (कटु),Heating (उष्ण),"Light, Dry (लघु, रूक्ष)",Pungent (कटु),"Balances V, K. Increases P.","Enhances digestion, reduces bloating."
Coriander Seeds (धनिया),Spice,298,12,55,17,"Astringent, Sweet (कषाय, मधुर)",Cooling (शीत),Light (लघु),Sweet (मधुर),Balances all doshas (Tridoshic).,"Cooling, good for urinary system."
Turnip (शलजम),Root Vegetable,28,0.9,6.4,0.1,"Sweet, Pungent (मधुर, कटु)",Cooling (शीत),Light (लघु),Sweet (मधुर),"Balances P, K. Can increase V.","Improves digestion, good for liver."
Sweet Potato (शकरकंद),Root Vegetable,86,1.6,20,0.1,Sweet (मधुर),Cooling (शीत),Heavy (गुरु),Sweet (मधुर),"Balances V, P. Increases K.","Nourishing, energy-rich."
Yam (जिमीकंद),Root Vegetable,118,1.5,27,0.2,"Sweet, Astringent (मधुर, कषाय)",Heating (उष्ण),"Heavy, Dry (गुरु, रूक्ष)",Pungent (कटु),"Balances V, K. Increases P.",Strengthening but heavy to digest.
Taro Root (अरबी),Root Vegetable,142,2.1,34,0.1,Sweet (मधुर),Heating (उष्ण),Heavy (गुरु),Sweet (मधुर),"Balances V. Increases K, P.","Best eaten with spices, otherwise gas-forming."
Lotus Root (कमल ककड़ी),Root Vegetable,74,2.6,17,0.1,"Sweet, Astringent (मधुर, कषाय)",Cooling (शीत),Light (लघु),Sweet (मधुर),"Balances P. Increases V, K.",Improves blood circulation.
Cucumber (खीरा),Vegetable,15,0.6,3.6,0.1,Sweet (मधुर),Cooling (शीत),Light (लघु),Sweet (मधुर),"Excellent for P. Can increase V, K.","Very hydrating, good for skin."
Snake Gourd (चिचिंडा),Vegetable,18,1.2,4,0.1,Sweet (मधुर),Cooling (शीत),Light (लघु),Sweet (मधुर),"Balances P, K. Can increase V.","Used for liver disorders, cooling."
Ash Gourd (पेठा),Vegetable,13,0.4,3,0.2,Sweet (मधुर),Cooling (शीत),Heavy (गुरु),Sweet (मधुर),"Balances P, K. Slightly increases V.","Very cooling, used in Ayurvedic medicine."
Ivy Gourd (कुंदरू),Vegetable,18,1,4,0.2,"Astringent, Bitter (कषाय, तिक्त)",Cooling (शीत),Light (लघु),Pungent (कटु),"Balances P, K. Can increase V.",Good for diabetes management.
Sponge Gourd (घीया तोरी),Vegetable,20,0.6,4.3,0.2,Sweet (मधुर),Cooling (शीत),Light (लघु),Sweet (मधुर),"Balances P. Can increase V, K.","Light, good for digestion."
Brinjal (बैंगन),Vegetable,25,1,6,0.2,"Bitter, Astringent (तिक्त, कषाय)",Heating (उष्ण),Light (लघु),Pungent (कटु),"Balances K. Increases V, P.","Good for heart, but not for skin disorders."
Capsicum (Shimla Mirch) (शिमला मिर्च),Vegetable,31,1,6,0.3,"Pungent, Sweet (कटु, मधुर)",Heating (उष्ण),"Light, Sharp (लघु, तीक्ष्ण)",Pungent (कटु),"Balances K. Increases P, V.",Rich in Vitamin C.
Chili (हरी मिर्च),Vegetable/Spice,40,2,9,0.2,Pungent (कटु),Heating (उष्ण),"Sharp, Light (तीक्ष्ण, लघु)",Pungent (कटु),"Balances K. Increases V, P.","Strongly heating, stimulates digestion."
Onion (प्याज),Vegetable,40,1.1,9,0.1,"Sweet, Pungent (मधुर, कटु)",Heating (उष्ण),"Heavy, Oily (गुरु, स्निग्ध)",Sweet (मधुर),"Balances K, V. Increases P.","Good for heart, improves digestion."
Garlic (लहसुन),Spice/Vegetable,149,6.4,33,0.5,Pungent (कटु),Heating (उष्ण),"Sharp, Light (तीक्ष्ण, लघु)",Pungent (कटु),"Balances V, K. Increases P.","Antimicrobial, enhances immunity."
Leek (लीक),Vegetable,61,1.5,14,0.3,"Sweet, Pungent (मधुर, कटु)",Heating (उष्ण),"Light, Oily (लघु, स्निग्ध)",Sweet (मधुर),"Balances K, V. Increases P.","Mildly heating, good for circulation."
Celery (अजवाइन पत्ता),Vegetable,16,0.7,3,0.2,"Astringent, Bitter (कषाय, तिक्त)",Cooling (शीत),Light (लघु),Pungent (कटु),"Balances P, K. Can increase V.","Diuretic, reduces water retention."
Parsley (अजमोद पत्ता),Herb,36,3,6,0.8,"Pungent, Bitter (कटु, तिक्त)",Heating (उष्ण),"Light, Sharp (लघु, तीक्ष्ण)",Pungent (कटु),"Balances V, K. Increases P.","Good for digestion, kidney health."
Mint (पुदीना),Herb,44,3.8,8,0.7,"Pungent, Astringent (कटु, कषाय)",Cooling (शीत),Light (लघु),Sweet (मधुर),"Balances P, K. Can increase V.","Soothing, aids digestion."
Coriander Leaves (धनिया पत्ता),Herb,23,2.1,3.7,0.5,"Sweet, Astringent (मधुर, कषाय)",Cooling (शीत),Light (लघु),Sweet (मधुर),Balances all doshas (Tridoshic).,"Cooling, improves taste."
Turmeric Leaves (हल्दी पत्ता),Herb,50,1.8,12,0.7,"Bitter, Astringent (तिक्त, कषाय)",Heating (उष्ण),Light (लघु),Pungent (कटु),"Balances V, K. Increases P.",Used in sweets and curries.
Curry Leaves (कड़ी पत्ता),Herb,108,6,18,1,"Bitter, Pungent (तिक्त, कटु)",Heating (उष्ण),"Light, Sharp (लघु, तीक्ष्ण)",Pungent (कटु),"Balances V, K. Increases P.","Improves digestion, hair health."
Drumstick (सहजन फल),Vegetable,37,2.1,8,0.2,"Pungent, Bitter (कटु, तिक्त)",Heating (उष्ण),"Light, Dry (लघु, रूक्ष)",Pungent (कटु),"Balances V, K. Increases P.","Improves digestion, very nutritious."
Cluster Beans (ग्वार फली),Vegetable,43,3.2,8.9,1.4,Bitter (तिक्त),Heating (उष्ण),"Light, Dry (लघु, रूक्ष)",Pungent (कटु),"Balances K. Increases V, P.","Can cause gas, best with spices."
French Beans (फ्रेंच बीन्स),Vegetable,31,1.8,7,0.1,"Sweet, Astringent (मधुर, कषाय)",Cooling (शीत),Light (लघु),Sweet (मधुर),"Balances P. Can increase V, K.",Rich in fiber and vitamins.
Broad Beans (सेम फली),Vegetable,88,8,17,0.7,"Sweet, Astringent (मधुर, कषाय)",Heating (उष्ण),Heavy (गुरु),Sweet (मधुर),"Balances V. Increases K, P.","Strengthening, good protein source."
Lima Beans (सफेद सेम),Pulse/Vegetable,338,21,63,0.7,"Sweet, Astringent (मधुर, कषाय)",Cooling (शीत),"Heavy, Dry (गुरु, रूक्ष)",Sweet (मधुर),"Balances P. Increases V, K.","High protein, gas forming."
Kidney Beans (राजमा),Pulse,333,24,60,1.1,Sweet (मधुर),Heating (उष्ण),Heavy (गुरु),Sweet (मधुर),"Balances V. Increases K, P.","Very nourishing, but heavy to digest."
Black-Eyed Peas (लोबिया),Pulse,336,23,60,1.6,"Sweet, Astringent (मधुर, कषाय)",Cooling (शीत),"Heavy, Dry (गुरु, रूक्ष)",Pungent (कटु),"Balances P. Increases V, K.",Good protein source.
Soybean (सोयाबीन),Pulse,446,36,30,20,Sweet (मधुर),Cooling (शीत),"Heavy, Oily (गुरु, स्निग्ध)",Sweet (मधुर),"Balances V. Increases K, P.","Rich in protein, hormone balancing."
Green Gram Whole (मूंग साबुत),Pulse,347,24,63,1.2,Sweet (मधुर),Cooling (शीत),Light (लघु),Sweet (मधुर),Balances all doshas (Tridoshic).,Light and easy to digest.
Red Lentils (मसूर दाल),Pulse,352,25,60,1.1,"Sweet, Astringent (मधुर, कषाय)",Heating (उष्ण),"Light, Dry (लघु, रूक्ष)",Pungent (कटु),"Balances P. Increases V, K.","High iron, good for blood."
Chana Dal (चना दाल),Pulse,364,20,60,6,Sweet (मधुर),Heating (उष्ण),"Heavy, Dry (गुरु, रूक्ष)",Pungent (कटु),"Balances K. Increases V, P.","Strength-giving, heavy to digest."
Masoor Whole (मसूर साबुत),Pulse,352,26,60,1.2,"Sweet, Astringent (मधुर, कषाय)",Heating (उष्ण),Heavy (गुरु),Pungent (कटु),"Balances P. Increases V, K.",Rich in minerals.
Matki (मटकी),Pulse,343,23,62,1.6,Sweet (मधुर),Heating (उष्ण),"Light, Dry (लघु, रूक्ष)",Sweet (मधुर),"Balances P, K. Can increase V.","Common sprout, easy digestibility."
Moth Beans (मटकी बीन्स),Pulse,343,23,62,1.6,Sweet (मधुर),Heating (उष्ण),"Light, Dry (लघु, रूक्ष)",Sweet (मधुर),"Balances P, K. Can increase V.",Good for sprouting.
Peas Dry (सूखी मटर),Pulse,118,8,21,0.4,Sweet (मधुर),Cooling (शीत),Heavy (गुरु),Sweet (मधुर),"Balances P. Increases V, K.",Heavy unless soaked.
Oats (जई),Cereal,389,16.9,66,6.9,Sweet (मधुर),Heating (उष्ण),"Heavy, Oily (गुरु, स्निग्ध)",Sweet (मधुर),"Balances V. Increases K, P.","Nourishing, good for cholesterol."
Ragi (Nachni) (रागी),Millet,336,7.3,72,1.3,Sweet (मधुर),Cooling (शीत),Heavy (गुरु),Sweet (मधुर),"Balances P, K. Can increase V.","Rich in calcium, strengthens bones."
Jowar (ज्वार),Millet,329,10.4,72,1.9,Sweet (मधुर),Cooling (शीत),"Light, Dry (लघु, रूक्ष)",Sweet (मधुर),"Balances P. Increases V, K.","Gluten-free, good for digestion."
Bajra (बाजरा),Millet,378,11.6,67,5,Sweet (मधुर),Heating (उष्ण),"Heavy, Dry (गुरु, रूक्ष)",Sweet (मधुर),"Balances V. Increases P, K.","Warming, ideal in winter."
Foxtail Millet (कांगनी),Millet,351,12,63,4,Sweet (मधुर),Heating (उष्ण),"Light, Dry (लघु, रूक्ष)",Sweet (मधुर),"Balances P. Increases V, K.",Helps control blood sugar.
Little Millet (कुटकी),Millet,341,9,67,4,Sweet (मधुर),Cooling (शीत),Light (लघु),Sweet (मधुर),"Balances P, K. Can increase V.","Easily digestible, good for diabetics."
Barnyard Millet (सांवा),Millet,307,11.2,65,3.9,Sweet (मधुर),Cooling (शीत),Light (लघु),Sweet (मधुर),"Balances P, K. Can increase V.","Very light, used in fasting."
Kodo Millet (कोदो),Millet,353,9.8,66,3.6,Sweet (मधुर),Cooling (शीत),Light (लघु),Sweet (मधुर),"Balances P, K. Can increase V.","Rich in fiber, regulates weight."
Proso Millet (चिना),Millet,356,12.5,70,1.5,Sweet (मधुर),Heating (उष्ण),"Light, Dry (लघु, रूक्ष)",Sweet (मधुर),"Balances P. Increases V, K.",High protein millet.
Barley (जौ),Cereal,352,9.9,73,1.2,Sweet (मधुर),Cooling (शीत),"Light, Dry (लघु, रूक्ष)",Sweet (मधुर),"Balances K, P. Can increase V.","Excellent for obesity, urinary health."
Rice (चावल) - White,Cereal,130,2.4,28,0.3,Sweet (मधुर),Cooling (शीत),Light (लघु),Sweet (मधुर),"Balances P, V. Can increase K.","Easily digestible, nourishing."
Rice (चावल) - Brown,Cereal,111,2.6,23,0.9,Sweet (मधुर),Cooling (शीत),Heavy (गुरु),Sweet (मधुर),"Balances P. Increases V, K.","Higher fiber, nourishing."
Corn (मक्का),Cereal,365,9,74,4.7,Sweet (मधुर),Heating (उष्ण),Heavy (गुरु),Sweet (मधुर),"Balances V. Increases K, P.","Strengthening, good for heart."
Mango (आम),Fruit,60,0.8,15,0.4,Sweet (मधुर),Heating (उष्ण),Heavy (गुरु),Sweet (मधुर),"Balances V. Increases P, K.",Ripe fruit is strengthening.
Papaya (पपीता),Fruit,43,0.5,11,0.3,Sweet (मधुर),Cooling (शीत),Light (लघु),Sweet (मधुर),"Balances P, K. Can increase V.","Improves digestion, laxative."
Guava (अमरूद),Fruit,68,2.6,14,1,"Sweet, Astringent (मधुर, कषाय)",Cooling (शीत),Light (लघु),Sweet (मधुर),"Balances P, K. Can increase V.",High in Vitamin C.
Litchi (लीची),Fruit,66,0.8,16,0.4,Sweet (मधुर),Cooling (शीत),Heavy (गुरु),Sweet (मधुर),"Balances V, P. Increases K.","Sweet, hydrating."
Watermelon (तरबूज),Fruit,30,0.6,8,0.2,Sweet (मधुर),Cooling (शीत),Light (लघु),Sweet (मधुर),"Excellent for P, K. Can increase V.","Very hydrating, best in summer."
Muskmelon (खरबूजा),Fruit,34,0.8,8,0.2,Sweet (मधुर),Cooling (शीत),Light (लघु),Sweet (मधुर),"Balances P, K. Can increase V.","Soothing, sweet, summer fruit."
Grapes (अंगूर),Fruit,69,0.7,18,0.2,Sweet (मधुर),Cooling (शीत),Heavy (गुरु),Sweet (मधुर),"Balances V, P. Increases K.","Good for blood, digestion."
Orange (संतरा),Fruit,47,0.9,12,0.1,"Sweet, Sour (मधुर, अम्ल)",Cooling (शीत),Light (लघु),Sweet (मधुर),"Balances P. Can increase V, K.",Rich in Vitamin C.
Lemon (नींबू),Fruit,29,1.1,9,0.3,Sour (अम्ल),Cooling (शीत),Light (लघु),Sour (अम्ल),"Balances K. Increases V, P.",Digestive stimulant.
Gooseberry (आंवला),Fruit,44,0.9,10,0.6,"Sour, Astringent (अम्ल, कषाय)",Cooling (शीत),Light (लघु),Sweet (मधुर),Balances all doshas (Tridoshic).,Powerful rejuvenator.
Pineapple (अनानास),Fruit,50,0.5,13,0.1,"Sweet, Sour (मधुर, अम्ल)",Heating (उष्ण),Light (लघु),Sweet (मधुर),"Balances V. Increases P, K.",Improves digestion.
Jackfruit (कटहल),Fruit,95,1.7,23,0.6,Sweet (मधुर),Heating (उष्ण),Heavy (गुरु),Sweet (मधुर),"Balances V. Increases K, P.","Strengthening, heavy fruit."
Fig (अंजीर),Fruit,74,0.8,19,0.3,Sweet (मधुर),Cooling (शीत),Heavy (गुरु),Sweet (मधुर),"Balances P. Increases K, V.","Mild laxative, nourishing."
Date (खजूर),Fruit,277,2,75,0.2,Sweet (मधुर),Heating (उष्ण),Heavy (गुरु),Sweet (मधुर),"Balances V. Increases K, P.","Rich in iron, energy booster."
Plum (आलूबुखारा),Fruit,46,0.7,11,0.3,"Sweet, Sour (मधुर, अम्ल)",Cooling (शीत),Light (लघु),Sweet (मधुर),"Balances P. Can increase V, K.",Mild laxative.
Peach (आड़ू),Fruit,39,0.9,10,0.3,Sweet (मधुर),Cooling (शीत),Light (लघु),Sweet (मधुर),"Balances P, K. Can increase V.",Light and juicy fruit.
Apricot (खुबानी),Fruit,48,1.4,11,0.4,Sweet (मधुर),Heating (उष्ण),Light (लघु),Sweet (मधुर),"Balances V. Increases P, K.",Rich in Vitamin A.
Cherry (चेरी),Fruit,50,1,12,0.3,"Sweet, Sour (मधुर, अम्ल)",Heating (उष्ण),Light (लघु),Sweet (मधुर),"Balances P. Increases V, K.",Good antioxidant source.
Strawberry (स्ट्रॉबेरी),Fruit,32,0.7,7,0.3,"Sweet, Sour (मधुर, अम्ल)",Cooling (शीत),Light (लघु),Sweet (मधुर),"Balances P. Can increase V, K.",Rich in Vitamin C.
Blueberry (ब्लूबेरी),Fruit,57,0.7,14,0.3,"Sweet, Astringent (मधुर, कषाय)",Cooling (शीत),Light (लघु),Sweet (मधुर),"Balances P, K. Can increase V.",Rich in antioxidants.
Blackberry (जामुन),Fruit,43,1.4,10,0.5,"Astringent, Sweet (कषाय, मधुर)",Cooling (शीत),Light (लघु),Sweet (मधुर),"Balances P, K. Can increase V.",Good for blood sugar.
Raspberry (रसभरी),Fruit,52,1.2,12,0.7,"Sweet, Astringent (मधुर, कषाय)",Cooling (शीत),Light (लघु),Sweet (मधुर),"Balances P, K. Can increase V.",Rich in Vitamin C.
Mulberry (शहतूत),Fruit,43,1.4,10,0.4,Sweet (मधुर),Cooling (शीत),Light (लघु),Sweet (मधुर),"Balances P. Can increase V, K.",Good for anemia.
Custard Apple (सीताफल),Fruit,94,2.1,23,0.3,Sweet (मधुर),Cooling (शीत),Heavy (गुरु),Sweet (मधुर),"Balances V. Increases K, P.","Very nourishing, heavy fruit."
Starfruit (कमरख),Fruit,31,1,7,0.3,"Sour, Astringent (अम्ल, कषाय)",Cooling (शीत),Light (लघु),Sour (अम्ल),"Balances P, K. Can increase V.","Refreshing, tangy fruit."
Kiwi (कीवी),Fruit,61,1.1,15,0.5,"Sour, Sweet (अम्ल, मधुर)",Cooling (शीत),Light (लघु),Sweet (मधुर),"Balances P. Can increase V, K.","Rich in Vitamin C, antioxidant."
Dragon Fruit (पिताया),Fruit,60,1.2,13,0.1,Sweet (मधुर),Cooling (शीत),Light (लघु),Sweet (मधुर),"Balances P, K. Can increase V.","Exotic, hydrating fruit."
Avocado (एवोकाडो),Fruit,160,2,9,15,Sweet (मधुर),Cooling (शीत),"Heavy, Oily (गुरु, स्निग्ध)",Sweet (मधुर),"Balances V. Increases K, P.",Rich in healthy fats.
Olive (जैतून),Fruit,115,0.8,6,11,"Bitter, Astringent (तिक्त, कषाय)",Heating (उष्ण),Oily (स्निग्ध),Pungent (कटु),"Balances V. Increases P, K.","Used for oil, digestion aid."
Coconut Water (नारियल पानी),Fruit Drink,19,0.7,4,0.2,Sweet (मधुर),Cooling (शीत),Light (लघु),Sweet (मधुर),"Balances P, K. Can increase V.","Hydrating, good for urinary tract."
Coconut Flesh (नारियल गिरी),Fruit,354,3,15,33,Sweet (मधुर),Cooling (शीत),"Heavy, Oily (गुरु, स्निग्ध)",Sweet (मधुर),"Balances V. Increases P, K.","Nourishing, high fat."
Raisins (किशमिश),Dry Fruit,299,3,79,0.5,Sweet (मधुर),Heating (उष्ण),Heavy (गुरु),Sweet (मधुर),"Balances V. Increases P, K.","Energy-giving, improves blood."
Prunes (सूखे आलूबुखारे),Dry Fruit,240,2.2,64,0.4,"Sweet, Astringent (मधुर, कषाय)",Heating (उष्ण),Heavy (गुरु),Sweet (मधुर),"Balances V. Increases K, P.",Natural laxative.
Almond (बादाम),Dry Fruit,579,21,22,50,Sweet (मधुर),Heating (उष्ण),"Heavy, Oily (गुरु, स्निग्ध)",Sweet (मधुर),"Balances V, K. Increases P.","Brain tonic, nourishing."
Cashew (काजू),Dry Fruit,553,18,30,44,Sweet (मधुर),Heating (उष्ण),"Heavy, Oily (गुरु, स्निग्ध)",Sweet (मधुर),"Balances V. Increases P, K.","Strengthening, heavy food."
Pistachio (पिस्ता),Dry Fruit,562,20,28,45,Sweet (मधुर),Heating (उष्ण),Heavy (गुरु),Sweet (मधुर),"Balances V, K. Increases P.",Good for heart.
Walnut (अखरोट),Dry Fruit,654,15,14,65,"Bitter, Sweet (तिक्त, मधुर)",Heating (उष्ण),"Heavy, Oily (गुरु, स्निग्ध)",Sweet (मधुर),"Balances V. Increases K, P.","Brain food, omega-3 rich."
Peanut (मूंगफली),Dry Fruit/Legume,567,26,16,49,Sweet (मधुर),Heating (उष्ण),Heavy (गुरु),Sweet (मधुर),"Balances V. Increases K, P.",Rich protein source.
Hazelnut (हैज़लनट),Dry Fruit,628,15,17,61,Sweet (मधुर),Heating (उष्ण),"Heavy, Oily (गुरु, स्निग्ध)",Sweet (मधुर),"Balances V. Increases P, K.",Rich in antioxidants.
Chestnut (शाहबलूत),Dry Fruit,245,3,53,2,Sweet (मधुर),Cooling (शीत),Light (लघु),Sweet (मधुर),"Balances P. Can increase V, K.","Low fat nut, nourishing."
Pumpkin Seeds (कद्दू के बीज),Seed,559,30,11,49,Sweet (मधुर),Heating (उष्ण),Heavy (गुरु),Sweet (मधुर),"Balances V. Increases P, K.",Good for immunity.
Sunflower Seeds (सूरजमुखी बीज),Seed,584,21,20,51,Sweet (मधुर),Heating (उष्ण),Heavy (गुरु),Sweet (मधुर),"Balances V. Increases K, P.",Good for skin.
Flax Seeds (अलसी),Seed,534,18,29,42,"Astringent, Sweet (कषाय, मधुर)",Heating (उष्ण),"Heavy, Oily (गुरु, स्निग्ध)",Sweet (मधुर),"Balances V. Increases P, K.",Rich in omega-3.
Sesame Seeds (तिल),Seed,573,18,23,50,"Sweet, Bitter (मधुर, तिक्त)",Heating (उष्ण),Heavy (गुरु),Sweet (मधुर),"Balances V. Increases P, K.","Strengthening, warming."
Mustard Seeds (सरसों बीज),Seed/Spice,508,26,28,36,Pungent (कटु),Heating (उष्ण),Sharp (तीक्ष्ण),Pungent (कटु),"Balances K. Increases V, P.",Stimulates digestion.
Cumin Seeds (जीरा),Spice,375,18,44,22,"Pungent, Bitter (कटु, तिक्त)",Heating (उष्ण),Light (लघु),Pungent (कटु),"Balances V, K. Increases P.",Improves digestion.
Coriander Seeds (धनिया बीज),Spice,298,12,55,1,"Sweet, Astringent (मधुर, कषाय)",Cooling (शीत),Light (लघु),Sweet (मधुर),"Balances P, K. Can increase V.",Mild digestive.
Fennel Seeds (सौंफ),Spice,345,15,52,14,Sweet (मधुर),Cooling (शीत),Light (लघु),Sweet (मधुर),"Balances P, K. Can increase V.","Soothing, helps digestion."
Fenugreek Seeds (मेथी दाना),Spice,323,23,58,6,Bitter (तिक्त),Heating (उष्ण),Light (लघु),Pungent (कटु),"Balances K. Increases V, P.","Strengthening, bitter taste."
Ajwain Seeds (अजवाइन),Spice,305,16,43,25,Pungent (कटु),Heating (उष्ण),"Sharp, Light (तीक्ष्ण, लघु)",Pungent (कटु),"Balances K. Increases V, P.",Strong digestive stimulant.
Cardamom (इलायची),Spice,311,11,68,6,"Sweet, Pungent (मधुर, कटु)",Cooling (शीत),Light (लघु),Sweet (मधुर),Balances all doshas (Tridoshic).,"Aromatic, aids digestion."
Cinnamon (दालचीनी),Spice,247,4,81,1.2,"Sweet, Pungent (मधुर, कटु)",Heating (उष्ण),"Light, Sharp (लघु, तीक्ष्ण)",Pungent (कटु),"Balances K. Increases V, P.",Warming spice.
Clove (लौंग),Spice,274,6,66,13,Pungent (कटु),Heating (उष्ण),Sharp (तीक्ष्ण),Pungent (कटु),"Balances K. Increases V, P.","Strong antiseptic, stimulant."
Nutmeg (जायफल),Spice,525,6,49,36,"Sweet, Astringent (मधुर, कषाय)",Heating (उष्ण),Heavy (गुरु),Sweet (मधुर),"Balances V. Increases K, P.","Sleep inducing, strong spice."
Mace (जावित्री),Spice,475,7,50,32,"Sweet, Bitter (मधुर, तिक्त)",Heating (उष्ण),"Light, Sharp (लघु, तीक्ष्ण)",Sweet (मधुर),"Balances V. Increases P, K.","Aromatic, enhances taste."
Black Pepper (काली मिर्च),Spice,251,10,64,3,Pungent (कटु),Heating (उष्ण),"Light, Sharp (लघु, तीक्ष्ण)",Pungent (कटु),"Balances K. Increases V, P.",Digestive stimulant.
Long Pepper (पिपली),Spice,374,12,67,2,Pungent (कटु),Heating (उष्ण),"Light, Sharp (लघु, तीक्ष्ण)",Pungent (कटु),"Balances K. Increases V, P.",Traditional Ayurvedic spice.
Ginger (अदरक) Fresh,Spice/Root,80,1.8,18,0.7,Pungent (कटु),Heating (उष्ण),Light (लघु),Sweet (मधुर),"Balances K. Increases V, P.","Digestive stimulant, anti-nausea."
Ginger (अदरक) Dry,Spice,335,9,71,4,Pungent (कटु),Heating (उष्ण),Light (लघु),Sweet (मधुर),"Balances K. Increases V, P.",Stronger heating than fresh ginger.
Turmeric (हल्दी),Spice/Root,354,8,65,10,"Bitter, Pungent (तिक्त, कटु)",Heating (उष्ण),"Light, Dry (लघु, रूक्ष)",Pungent (कटु),"Balances K. Increases V, P.","Anti-inflammatory, healing."
Asafoetida (हींग),Spice,297,4,67,1,"Pungent, Bitter (कटु, तिक्त)",Heating (उष्ण),Sharp (तीक्ष्ण),Pungent (कटु),"Balances V, K. Increases P.",Strong digestive stimulant.
Saffron (केसर),Spice,310,11,65,6,"Bitter, Sweet (तिक्त, मधुर)",Heating (उष्ण),Light (लघु),Sweet (मधुर),Balances all doshas (Tridoshic).,"Rejuvenating, precious spice."
Basil (तुलसी),Herb,23,3,2,0.6,"Pungent, Bitter (कटु, तिक्त)",Heating (उष्ण),Light (लघु),Pungent (कटु),"Balances V, K. Increases P.","Sacred herb, immunity booster."
Thyme (अजवायन पत्ता),Herb,101,5,24,1.7,"Pungent, Bitter (कटु, तिक्त)",Heating (उष्ण),Light (लघु),Pungent (कटु),"Balances K. Increases V, P.","Aromatic, digestive."
Oregano (अजवायन पत्ता यूरोपीय),Herb,265,9,69,4,"Pungent, Bitter (कटु, तिक्त)",Heating (उष्ण),"Light, Dry (लघु, रूक्ष)",Pungent (कटु),"Balances K. Increases V, P.",Mediterranean herb.
Sage (साल्विया),Herb,315,11,60,12,"Bitter, Pungent (तिक्त, कटु)",Heating (उष्ण),Light (लघु),Pungent (कटु),"Balances K. Increases V, P.","Warming, aromatic herb."
Rosemary (रोजमेरी),Herb,131,3,21,6,"Bitter, Pungent (तिक्त, कटु)",Heating (उष्ण),"Light, Sharp (लघु, तीक्ष्ण)",Pungent (कटु),"Balances K. Increases V, P.",Stimulates circulation.
Mint (पुदीना),Herb,70,3.8,15,0.9,Pungent (कटु),Cooling (शीत),Light (लघु),Sweet (मधुर),"Balances P, K. Can increase V.","Soothing, aids digestion."
Parsley (अजमोद),Herb,36,3,6,0.8,"Pungent, Bitter (कटु, तिक्त)",Heating (उष्ण),Light (लघु),Pungent (कटु),"Balances K. Increases V, P.","Rich in iron, detoxifying."
Cilantro (हरा धनिया),Herb,23,2.1,3.7,0.5,Sweet (मधुर),Cooling (शीत),Light (लघु),Sweet (मधुर),"Balances P, K. Can increase V.","Soothing herb, aids digestion."
Dill Leaves (सोया पत्ता),Herb,43,3.5,7,1.1,"Bitter, Pungent (तिक्त, कटु)",Heating (उष्ण),Light (लघु),Pungent (कटु),"Balances K. Increases V, P.",Stimulates digestion.
Spinach (पालक),Leafy Vegetable,23,2.9,3.6,0.4,"Astringent, Bitter (कषाय, तिक्त)",Cooling (शीत),Light (लघु),Pungent (कटु),"Balances P. Increases V, K.",Rich in iron.
Fenugreek Leaves (मेथी पत्ता),Leafy Vegetable,49,4.4,6,0.9,Bitter (तिक्त),Heating (उष्ण),Light (लघु),Pungent (कटु),"Balances K. Increases V, P.",Bitter tonic.
Mustard Greens (सरसों पत्ता),Leafy Vegetable,27,2.9,4.7,0.4,Pungent (कटु),Heating (उष्ण),Light (लघु),Pungent (कटु),"Balances K. Increases V, P.",Warming leafy green.
Bathua (बथुआ),Leafy Vegetable,43,4,7,0.8,"Astringent, Bitter (कषाय, तिक्त)",Cooling (शीत),Light (लघु),Pungent (कटु),"Balances P. Increases V, K.",Seasonal winter green.
Amaranth Leaves (चौलाई पत्ता),Leafy Vegetable,23,2.1,4,0.3,"Sweet, Astringent (मधुर, कषाय)",Cooling (शीत),Light (लघु),Sweet (मधुर),"Balances P, K. Can increase V.",Rich in minerals.
Cabbage (पत्ता गोभी),Leafy Vegetable,25,1.3,6,0.1,Sweet (मधुर),Cooling (शीत),Light (लघु),Sweet (मधुर),"Balances P, K. Can increase V.",Gas-forming in excess.
Cauliflower (फूल गोभी),Vegetable,25,1.9,5,0.3,Sweet (मधुर),Cooling (शीत),Light (लघु),Sweet (मधुर),"Balances P, K. Increases V.",Gas-forming in some.
Broccoli (ब्रोकोली),Vegetable,34,2.8,7,0.4,"Sweet, Bitter (मधुर, तिक्त)",Cooling (शीत),Light (लघु),Sweet (मधुर),"Balances P. Can increase V, K.",Rich in Vitamin C.
Brussels Sprouts (ब्रसल्स स्प्राउट्स),Vegetable,43,3.4,9,0.3,"Bitter, Sweet (तिक्त, मधुर)",Cooling (शीत),Light (लघु),Sweet (मधुर),"Balances P. Increases V, K.","Gas-forming, nutrient-rich."
Lettuce (सलाद पत्ता),Leafy Vegetable,15,1.4,3,0.2,Sweet (मधुर),Cooling (शीत),Light (लघु),Sweet (मधुर),"Balances P, K. Can increase V.","Soothing, hydrating."
Kale (केल),Leafy Vegetable,49,4.3,9,0.9,"Bitter, Astringent (तिक्त, कषाय)",Heating (उष्ण),Light (लघु),Pungent (कटु),"Balances K. Increases V, P.",Rich in antioxidants.
Celery (अजवाइन डंठल),Vegetable,16,0.7,3,0.2,Astringent (कषाय),Cooling (शीत),Light (लघु),Sweet (मधुर),"Balances P. Can increase V, K.","Diuretic, cooling."
Beetroot (चकुंदर),Root Vegetable,43,1.6,10,0.2,Sweet (मधुर),Cooling (शीत),Heavy (गुरु),Sweet (मधुर),"Balances V. Increases K, P.",Blood purifier.
Carrot (गाजर),Root Vegetable,41,0.9,10,0.2,Sweet (मधुर),Cooling (शीत),Light (लघु),Sweet (मधुर),"Balances V, K. Increases P.",Good for eyes.
Radish (मूली),Root Vegetable,16,0.7,3,0.1,Pungent (कटु),Heating (उष्ण),Light (लघु),Pungent (कटु),"Balances K. Increases V, P.",Digestive stimulant.
Turnip (शलगम),Root Vegetable,28,0.9,6,0.1,Sweet (मधुर),Cooling (शीत),Light (लघु),Sweet (मधुर),"Balances P, K. Can increase V.",Mild root vegetable.
Sweet Potato (शकरकंद),Root Vegetable,86,1.6,20,0.1,Sweet (मधुर),Cooling (शीत),Heavy (गुरु),Sweet (मधुर),"Balances V. Increases K, P.","Nourishing, grounding."
Yam (जिमीकंद),Root Vegetable,118,2,28,0.2,Sweet (मधुर),Heating (उष्ण),Heavy (गुरु),Sweet (मधुर),"Balances V. Increases K, P.","Heavier root, gas-forming."
Onion (प्याज),Vegetable,40,1.1,9,0.1,"Pungent, Sweet (कटु, मधुर)",Heating (उष्ण),Light (लघु),Sweet (मधुर),"Balances K. Increases V, P.",Stimulates appetite.
Garlic (लहसुन),Spice/Root,149,6,33,0.5,Pungent (कटु),Heating (उष्ण),"Sharp, Light (तीक्ष्ण, लघु)",Pungent (कटु),"Balances K. Increases V, P.",Strong digestive stimulant.
Leek (लीक),Vegetable,61,1.5,14,0.3,"Sweet, Pungent (मधुर, कटु)",Heating (उष्ण),Light (लघु),Sweet (मधुर),"Balances K. Increases V, P.",Mild onion family.
Spring Onion (हरा प्याज),Vegetable,32,1.8,7,0.2,"Pungent, Sweet (कटु, मधुर)",Heating (उष्ण),Light (लघु),Sweet (मधुर),"Balances K. Increases V, P.","Used in soups, salads."
Cucumber (खीरा),Vegetable,16,0.7,4,0.1,Sweet (मधुर),Cooling (शीत),Light (लघु),Sweet (मधुर),"Balances P, K. Can increase V.","Cooling, hydrating."
Zucchini (तोरी),Vegetable,17,1.2,3,0.3,Sweet (मधुर),Cooling (शीत),Light (लघु),Sweet (मधुर),"Balances P, K. Can increase V.",Easy to digest.
Bottle Gourd (लौकी),Vegetable,14,0.6,3.4,0.1,Sweet (मधुर),Cooling (शीत),Light (लघु),Sweet (मधुर),"Balances P, K. Can increase V.","Good for heart, digestion."
Bitter Gourd (करेला),Vegetable,17,1,4,0.2,Bitter (तिक्त),Cooling (शीत),Light (लघु),Pungent (कटु),"Balances P, K. Increases V.","Detoxifying, reduces blood sugar."
Ridge Gourd (तोरी/तुरई),Vegetable,20,1,4,0.2,Sweet (मधुर),Cooling (शीत),Light (लघु),Sweet (मधुर),"Balances P, K. Can increase V.",Light and digestible.
Sponge Gourd (गिलकी),Vegetable,18,0.6,4,0.2,Sweet (मधुर),Cooling (शीत),Light (लघु),Sweet (मधुर),"Balances P, K. Can increase V.",Easy to digest.
Tinda (टिंडा),Vegetable,21,1.2,4,0.2,Sweet (मधुर),Cooling (शीत),Light (लघु),Sweet (मधुर),"Balances P, K. Can increase V.","Light, cooling vegetable."
Snake Gourd (चिचिंडा),Vegetable,18,0.5,3,0.1,Sweet (मधुर),Cooling (शीत),Light (लघु),Sweet (मधुर),"Balances P, K. Can increase V.","Cooling, used in curries."
Ash Gourd (पेटा),Vegetable,13,0.4,3,0.2,Sweet (मधुर),Cooling (शीत),Heavy (गुरु),Sweet (मधुर),"Balances P. Can increase V, K.",Used in Ayurvedic medicine.
Pointed Gourd (परवल),Vegetable,20,2,3,0.2,Sweet (मधुर),Cooling (शीत),Light (लघु),Sweet (मधुर),"Balances P, K. Can increase V.",Seasonal Indian vegetable.
Ivy Gourd (कुंदरू/टिंडली),Vegetable,21,1.4,4,0.1,Sweet (मधुर),Cooling (शीत),Light (लघु),Sweet (मधुर),"Balances P, K. Can increase V.",Common Indian vegetable.
Drumstick (सहजन),Vegetable,37,2.1,8,0.2,"Pungent, Bitter (कटु, तिक्त)",Heating (उष्ण),Light (लघु),Pungent (कटु),"Balances K. Increases V, P.","Good for joints, digestion."
Drumstick Leaves (सहजन पत्ता),Leafy Vegetable,64,9.4,8,1.4,"Bitter, Pungent (तिक्त, कटु)",Heating (उष्ण),Light (लघु),Pungent (कटु),"Balances K. Increases V, P.",Superfood leaves.
Okra (भिंडी),Vegetable,33,2,7,0.2,Sweet (मधुर),Cooling (शीत),"Light, Slimy (लघु, पिच्छिल)",Sweet (मधुर),"Balances P, K. Can increase V.",Good for digestion.
Capsicum (शिमला मिर्च),Vegetable,31,1,6,0.3,"Sweet, Pungent (मधुर, कटु)",Heating (उष्ण),Light (लघु),Sweet (मधुर),Bala,
Pumpkin (कद्दू),Vegetable,26,1,7,0.1,Sweet (मधुर),Cooling (शीत),Light (लघु),Sweet (मधुर),"Balances P, K. Can increase V.","Good for digestion, nourishing."
Green Peas (हरी मटर),Vegetable,81,5,14,0.4,Sweet (मधुर),Heating (उष्ण),Heavy (गुरु),Sweet (मधुर),"Balances V. Increases P, K.",Protein-rich legume.
Snow Peas (स्नो पीज़),Vegetable,42,2.8,7,0.2,Sweet (मधुर),Cooling (शीत),Light (लघु),Sweet (मधुर),"Balances P, K. Can increase V.",Light legume.
Cluster Beans (गवार फली),Vegetable,45,3.2,8,0.2,"Astringent, Bitter (कषाय, तिक्त)",Cooling (शीत),"Light, Dry (लघु, रूक्ष)",Pungent (कटु),"Balances P. Increases V, K.",Good for digestion.
French Beans (फ्रेंच बीन्स),Vegetable,31,1.8,7,0.1,Sweet (मधुर),Cooling (शीत),Light (लघु),Sweet (मधुर),"Balances P, K. Can increase V.",Rich in fiber.
Soybeans (सोयाबीन),Legume,446,36,30,20,Sweet (मधुर),Heating (उष्ण),Heavy (गुरु),Sweet (मधुर),"Balances V. Increases P, K.",Very high in protein.
Kidney Beans (राजमा),Legume,333,24,60,0.8,Sweet (मधुर),Heating (उष्ण),Heavy (गुरु),Sweet (मधुर),"Balances V. Increases P, K.",Heavy to digest.
Black Gram (उड़द दाल),Legume,341,25,59,1.6,Sweet (मधुर),Heating (उष्ण),Heavy (गुरु),Sweet (मधुर),"Balances V. Increases P, K.","Nourishing, strengthening."
Green Gram (मूंग दाल),Legume,347,24,63,1.2,Sweet (मधुर),Cooling (शीत),Light (लघु),Sweet (मधुर),"Balances P, K. Can increase V.","Lightest legume, easy digestion."
Red Lentils (मसूर दाल),Legume,352,26,60,1.1,Sweet (मधुर),Heating (उष्ण),Light (लघु),Sweet (मधुर),"Balances K. Increases V, P.","Good for blood, digestion."
Chickpeas (काबुली चना),Legume,364,19,61,6,Sweet (मधुर),Heating (उष्ण),Heavy (गुरु),Sweet (मधुर),"Balances V. Increases P, K.","Nourishing, grounding."
Black Chickpeas (काला चना),Legume,360,20,60,6,Sweet (मधुर),Heating (उष्ण),Heavy (गुरु),Sweet (मधुर),"Balances V. Increases P, K.",Stronger than white chickpeas.
Pigeon Pea (तूर दाल),Legume,343,22,62,1.5,Sweet (मधुर),Heating (उष्ण),Heavy (गुरु),Sweet (मधुर),"Balances V. Increases P, K.",Staple Indian pulse.
Broad Beans (बकला),Legume,341,26,58,1.5,Sweet (मधुर),Cooling (शीत),Light (लघु),Sweet (मधुर),"Balances P. Increases V, K.",Seasonal legume.
Navy Beans (नेवी बीन्स),Legume,337,22,61,0.6,Sweet (मधुर),Heating (उष्ण),Heavy (गुरु),Sweet (मधुर),"Balances V. Increases P, K.",Common in Western diets.
Lima Beans (लाइमा बीन्स),Legume,338,21,63,0.7,Sweet (मधुर),Heating (उष्ण),Heavy (गुरु),Sweet (मधुर),"Balances V. Increases P, K.","Dense, nourishing bean."
Black Beans (काले बीन्स),Legume,341,21,63,0.9,Sweet (मधुर),Heating (उष्ण),Heavy (गुरु),Sweet (मधुर),"Balances V. Increases P, K.",Rich in fiber.
Pinto Beans (पिंटो बीन्स),Legume,347,21,63,1,Sweet (मधुर),Heating (उष्ण),Heavy (गुरु),Sweet (मधुर),"Balances V. Increases P, K.",Popular in Latin cuisine.
White Peas (सफेद मटर),Legume,342,23,63,1.5,Sweet (मधुर),Cooling (शीत),Heavy (गुरु),Sweet (मधुर),"Balances P. Increases V, K.",Used in Indian chaat.
Lotus Seeds (मखाना),Seed,332,9,77,0.1,Sweet (मधुर),Cooling (शीत),Light (लघु),Sweet (मधुर),"Balances P, K. Can increase V.",Good for insomnia.
Groundnut (मूंगफली),Nut/Seed,567,25,16,49,Sweet (मधुर),Heating (उष्ण),Heavy (गुरु),Sweet (मधुर),"Balances V. Increases P, K.",High in protein and fat.
Almond (बादाम),Nut,579,21,22,50,Sweet (मधुर),Heating (उष्ण),Heavy (गुरु),Sweet (मधुर),"Balances V. Increases P, K.","Nourishing, improves memory."
Walnut (अखरोट),Nut,654,15,14,65,Sweet (मधुर),Heating (उष्ण),Heavy (गुरु),Sweet (मधुर),"Balances V. Increases P, K.","Good for brain, oily."
Pistachio (पिस्ता),Nut,562,20,28,45,Sweet (मधुर),Heating (उष्ण),Heavy (गुरु),Sweet (मधुर),"Balances V. Increases P, K.","Strengthening, oily."
Cashew (काजू),Nut,553,18,30,44,Sweet (मधुर),Heating (उष्ण),Heavy (गुरु),Sweet (मधुर),"Balances V. Increases P, K.","Rich, heavy, oily nut."
Raisins (किशमिश),Dry Fruit,299,3,79,0.5,Sweet (मधुर),Cooling (शीत),Heavy (गुरु),Sweet (मधुर),"Balances P. Increases K, V.",Good for anemia.
Prunes (सूखा आलूबुखारा),Dry Fruit,240,2.2,64,0.4,Sweet (मधुर),Cooling (शीत),Heavy (गुरु),Sweet (मधुर),"Balances P. Can increase V, K.",Natural laxative.
Dates Dry (सूखा खजूर),Dry Fruit,317,2,75,0.2,Sweet (मधुर),Heating (उष्ण),Heavy (गुरु),Sweet (मधुर),"Balances V. Increases P, K.",Energy dense.
Fig Dry (सूखा अंजीर),Dry Fruit,249,3.3,64,0.9,Sweet (मधुर),Cooling (शीत),Heavy (गुरु),Sweet (मधुर),"Balances P. Can increase V, K.",Mild laxative.
Coconut Fresh (नारियल),Fruit/Seed,354,3,15,33,Sweet (मधुर),Cooling (शीत),Heavy (गुरु),Sweet (मधुर),"Balances P. Increases K, V.","Nourishing, oily."
Coconut Water (नारियल पानी),Liquid,19,0.7,4,0.2,Sweet (मधुर),Cooling (शीत),Light (लघु),Sweet (मधुर),"Balances P, K. Can increase V.",Very hydrating.
Coconut Dry (सूखा नारियल),Nut,660,7,24,65,Sweet (मधुर),Heating (उष्ण),Heavy (गुरु),Sweet (मधुर),"Balances V. Increases P, K.","Oily, strengthening."
Sesame Seeds (तिल),Seed,573,18,23,50,"Sweet, Bitter (मधुर, तिक्त)",Heating (उष्ण),"Heavy, Oily (गुरु, स्निग्ध)",Sweet (मधुर),"Balances V. Increases P, K.","Strengthening, calcium-rich."
Flax Seeds (अलसी),Seed,534,18,29,42,"Sweet, Bitter (मधुर, तिक्त)",Heating (उष्ण),Heavy (गुरु),Sweet (मधुर),"Balances V. Increases P, K.",Rich in omega-3.
Sunflower Seeds (सूरजमुखी बीज),Seed,584,21,20,51,Sweet (मधुर),Heating (उष्ण),Heavy (गुरु),Sweet (मधुर),"Balances V. Increases P, K.",Good for skin.
Pumpkin Seeds (कद्दू बीज),Seed,559,30,11,49,Sweet (मधुर),Heating (उष्ण),Heavy (गुरु),Sweet (मधुर),"Balances V. Increases P, K.",Rich in zinc.
Chia Seeds (चिया बीज),Seed,486,17,42,31,Sweet (मधुर),Cooling (शीत),Heavy (गुरु),Sweet (मधुर),"Balances P. Increases V, K.","Hydrating, rich in omega-3."
Poppy Seeds (खसखस),Seed,525,18,28,42,Sweet (मधुर),Cooling (शीत),Heavy (गुरु),Sweet (मधुर),"Balances P. Increases V, K.",Mild sedative.
Mustard Seeds (सरसों दाना),Spice/Seed,508,26,28,36,Pungent (कटु),Heating (उष्ण),Sharp (तीक्ष्ण),Pungent (कटु),"Balances K. Increases V, P.",Stimulates appetite.
Coriander Seeds (धनिया दाना),Spice/Seed,298,12,55,0.5,"Pungent, Bitter (कटु, तिक्त)",Cooling (शीत),Light (लघु),Pungent (कटु),"Balances P. Can increase V, K.",Digestive spice.
Cumin Seeds (जीरा),Spice/Seed,375,18,44,22,Pungent (कटु),Heating (उष्ण),"Light, Dry (लघु, रूक्ष)",Pungent (कटु),"Balances K. Increases V, P.",Improves digestion.
Fennel Seeds (सौंफ),Spice/Seed,345,16,52,14,Sweet (मधुर),Cooling (शीत),Light (लघु),Sweet (मधुर),"Balances P, V. Increases K.","Soothing, post-meal digestive."
Carom Seeds (अजवाइन),Spice/Seed,305,16,43,25,Pungent (कटु),Heating (उष्ण),Sharp (तीक्ष्ण),Pungent (कटु),"Balances K. Increases V, P.",Strong carminative.
Fenugreek Seeds (मेथी दाना),Spice/Seed,323,23,58,6,Bitter (तिक्त),Heating (उष्ण),Light (लघु),Pungent (कटु),"Balances K. Increases V, P.",Helps blood sugar.
Cardamom (इलायची),Spice,311,11,68,7,"Sweet, Pungent (मधुर, कटु)",Cooling (शीत),Light (लघु),Sweet (मधुर),"Balances P, K. Can increase V.","Aromatic, improves breath."
Cloves (लौंग),Spice,274,6,65,13,Pungent (कटु),Heating (उष्ण),Sharp (तीक्ष्ण),Pungent (कटु),"Balances K. Increases V, P.",Strong antiseptic.
Cinnamon (दालचीनी),Spice,247,4,81,1.2,"Sweet, Pungent (मधुर, कटु)",Heating (उष्ण),Light (लघु),Pungent (कटु),"Balances K. Increases V, P.","Warming, stimulates circulation."
Nutmeg (जायफल),Spice,525,6,49,36,Sweet (मधुर),Heating (उष्ण),Heavy (गुरु),Sweet (मधुर),"Balances V. Increases P, K.","Sedative, promotes sleep."
Mace (जावित्री),Spice,475,7,50,32,"Sweet, Pungent (मधुर, कटु)",Heating (उष्ण),Heavy (गुरु),Sweet (मधुर),"Balances V. Increases P, K.","Aromatic, digestive."
Turmeric (हल्दी),Spice,354,8,65,10,"Bitter, Pungent (तिक्त, कटु)",Heating (उष्ण),"Light, Dry (लघु, रूक्ष)",Pungent (कटु),"Balances K. Increases V, P.",Anti-inflammatory.
Ginger Dry (सोंठ),Spice,335,9,71,4,Pungent (कटु),Heating (उष्ण),Sharp (तीक्ष्ण),Pungent (कटु),"Balances K. Increases V, P.",Stimulates digestion.
Ginger Fresh (अदरक),Spice,80,1.8,18,0.8,Pungent (कटु),Heating (उष्ण),Light (लघु),Sweet (मधुर),"Balances K. Increases V, P.","Carminative, warming."
Black Pepper (काली मिर्च),Spice,251,10,64,3.3,Pungent (कटु),Heating (उष्ण),Sharp (तीक्ष्ण),Pungent (कटु),"Balances K. Increases V, P.",Stimulates metabolism.
White Pepper (सफेद मिर्च),Spice,296,11,69,3,Pungent (कटु),Heating (उष्ण),Sharp (तीक्ष्ण),Pungent (कटु),"Balances K. Increases V, P.","Similar to black pepper, milder."
Long Pepper (पीपली),Spice,374,12,70,2.8,Pungent (कटु),Heating (उष्ण),Sharp (तीक्ष्ण),Pungent (कटु),"Balances K. Increases V, P.",Stronger than black pepper.
Asafoetida (हींग),Spice,297,4,67,1,"Pungent, Bitter (कटु, तिक्त)",Heating (उष्ण),Light (लघु),Pungent (कटु),"Balances K. Increases V, P.",Strong digestive aid.
Saffron (केसर),Spice,310,11,65,6,"Bitter, Sweet (तिक्त, मधुर)",Heating (उष्ण),Light (लघु),Sweet (मधुर),Balances all doshas.,"Aromatic, promotes complexion."
Basil Seeds (सब्जा बीज),Seed,23,2,5,0.6,Sweet (मधुर),Cooling (शीत),Light (लघु),Sweet (मधुर),"Balances P, K. Can increase V.",Cooling and hydrating.
Mint Fresh (पुदीना),Herb,70,3.8,15,0.9,Pungent (कटु),Cooling (शीत),Light (लघु),Sweet (मधुर),"Balances P, K. Can increase V.",Soothes digestion.
Curry Leaves (कड़ी पत्ता),Herb,108,6,18,1,"Bitter, Pungent (तिक्त, कटु)",Heating (उष्ण),Light (लघु),Pungent (कटु),"Balances K. Increases V, P.",Good for hair and eyes.
Coriander Leaves (धनिया पत्ता),Herb,23,2.1,4,0.5,"Bitter, Sweet (तिक्त, मधुर)",Cooling (शीत),Light (लघु),Sweet (मधुर),"Balances P. Can increase V, K.","Fresh garnish, cooling."
Dill Leaves (सोआ पत्ता),Herb,43,3.5,7,1.1,"Pungent, Bitter (कटु, तिक्त)",Heating (उष्ण),Light (लघु),Pungent (कटु),"Balances K. Increases V, P.",Good for digestion.
Spinach (पालक),Leafy Green,23,2.9,4,0.4,Bitter (तिक्त),Cooling (शीत),Light (लघु),Sweet (मधुर),"Balances P. Increases V, K.",Rich in iron.
Fenugreek Leaves (मेथी पत्ता),Leafy Green,49,4.4,6,0.9,Bitter (तिक्त),Heating (उष्ण),Light (लघु),Pungent (कटु),"Balances K. Increases V, P.",Blood purifier.
Mustard Greens (सरसों का साग),Leafy Green,27,2.9,4,0.4,"Pungent, Bitter (कटु, तिक्त)",Heating (उष्ण),Light (लघु),Pungent (कटु),"Balances K. Increases V, P.",Strong flavor.
Amaranth Leaves (चौलाई पत्ता),Leafy Green,23,2.1,4,0.3,"Sweet, Bitter (मधुर, तिक्त)",Cooling (शीत),Light (लघु),Sweet (मधुर),"Balances P. Increases V, K.",Nutritious leafy green.
Bathua Leaves (बथुआ),Leafy Green,43,4.2,8,0.4,"Sweet, Bitter (मधुर, तिक्त)",Heating (उष्ण),Light (लघु),Sweet (मधुर),"Balances K. Increases V, P.",Common winter green.
Drumstick Leaves (सहजन पत्ता),Leafy Green,64,9.4,9,1.4,"Bitter, Pungent (तिक्त, कटु)",Heating (उष्ण),Light (लघु),Pungent (कटु),"Balances K. Increases V, P.",Highly nutritious.
Beet Greens (चुकंदर पत्ता),Leafy Green,22,2.2,4,0.1,"Bitter, Sweet (तिक्त, मधुर)",Cooling (शीत),Light (लघु),Sweet (मधुर),"Balances P. Increases V, K.",Rich in antioxidants.
Radish Leaves (मूली पत्ता),Leafy Green,25,2.6,4,0.2,"Pungent, Bitter (कटु, तिक्त)",Heating (उष्ण),Light (लघु),Pungent (कटु),"Balances K. Increases V, P.",Good for digestion.
Turnip Leaves (शलगम पत्ता),Leafy Green,32,3.7,7,0.3,Bitter (तिक्त),Cooling (शीत),Light (लघु),Sweet (मधुर),"Balances P. Increases V, K.",Nutritious green.
Colocasia Leaves (अरबी पत्ता),Leafy Green,42,3,6,0.7,"Astringent, Bitter (कषाय, तिक्त)",Heating (उष्ण),Heavy (गुरु),Pungent (कटु),"Balances K. Increases V, P.",Needs proper cooking.
Spring Onion Greens (हरी प्याज पत्ता),Leafy Green,32,1.8,7,0.2,Pungent (कटु),Heating (उष्ण),Light (लघु),Pungent (कटु),"Balances K. Increases V, P.",Adds flavor.
Parsley (अजमोद),Herb,36,3,6,0.8,"Pungent, Bitter (कटु, तिक्त)",Heating (उष्ण),Light (लघु),Pungent (कटु),"Balances K. Increases V, P.",Rich in vitamin C.
Celery (अजवाइन पत्ता),Herb,16,0.7,3,0.2,"Bitter, Pungent (तिक्त, कटु)",Cooling (शीत),Light (लघु),Sweet (मधुर),"Balances P. Can increase V, K.",Low-calorie herb.
Rosemary (रोज़मेरी),Herb,131,3.3,21,6,"Pungent, Bitter (कटु, तिक्त)",Heating (उष्ण),Light (लघु),Pungent (कटु),"Balances K. Increases V, P.",Aromatic herb.
Thyme (अजवायन पत्ता),Herb,101,5.6,24,1.7,"Pungent, Bitter (कटु, तिक्त)",Heating (उष्ण),Light (लघु),Pungent (कटु),"Balances K. Increases V, P.",Strong aromatic herb.
Oregano (अजवायन),Herb,265,9,69,4.3,"Pungent, Bitter (कटु, तिक्त)",Heating (उष्ण),Light (लघु),Pungent (कटु),"Balances K. Increases V, P.",Mediterranean herb.
Sage (साल्विया),Herb,315,11,61,12,"Bitter, Pungent (तिक्त, कटु)",Heating (उष्ण),Light (लघु),Pungent (कटु),"Balances K. Increases V, P.",Used for throat issues.
Bay Leaf (तेज पत्ता),Spice/Herb,313,8,75,8,"Bitter, Pungent (तिक्त, कटु)",Heating (उष्ण),Light (लघु),Pungent (कटु),"Balances K. Increases V, P.","Aromatic, for flavoring."
Neem Leaves (नीम पत्ता),Herb,30,3.1,7,0.3,Bitter (तिक्त),Cooling (शीत),Light (लघु),Pungent (कटु),"Balances P, K. Can increase V.",Blood purifier.
Tulsi Leaves (तुलसी),Herb,23,3.2,2,0.6,"Pungent, Bitter (कटु, तिक्त)",Heating (उष्ण),Light (लघु),Pungent (कटु),"Balances K. Increases V, P.","Sacred herb, boosts immunity."
Green Tea Leaves (हरी चाय पत्ता),Herb/Tea,1,0.2,0,0,Bitter (तिक्त),Cooling (शीत),Light (लघु),Pungent (कटु),"Balances P. Increases V, K.",Rich in antioxidants.
Black Tea Leaves (काली चाय पत्ता),Herb/Tea,1,0.1,0,0,Bitter (तिक्त),Heating (उष्ण),Light (लघु),Pungent (कटु),"Balances K. Increases V, P.",Stimulating.
Coffee Beans (कॉफी बीन्स),Beverage/Seed,2,0.1,0,0,Bitter (तिक्त),Heating (उष्ण),Light (लघु),Pungent (कटु),"Balances K. Increases V, P.","Stimulating, caffeine-rich."
Cocoa Beans (कोको बीन्स),Seed,228,20,58,14,"Bitter, Astringent (तिक्त, कषाय)",Heating (उष्ण),Heavy (गुरु),Pungent (कटु),"Balances K. Increases V, P.","Used in chocolate, antioxidant-rich."
Dark Chocolate (डार्क चॉकलेट),Sweet,546,5,61,31,"Bitter, Sweet (तिक्त, मधुर)",Heating (उष्ण),Heavy (गुरु),Sweet (मधुर),"Balances V. Increases P, K.",Mood-enhancer.
Milk Chocolate (मिल्क चॉकलेट),Sweet,535,7,59,30,Sweet (मधुर),Cooling (शीत),Heavy (गुरु),Sweet (मधुर),"Balances V. Increases K, P.","Sweet, energy-rich."
Jaggery (गुड़),Sweet,383,0.4,98,0.1,Sweet (मधुर),Heating (उष्ण),Heavy (गुरु),Sweet (मधुर),"Balances V. Increases K, P.","Blood purifier, energizing."
Brown Sugar (ब्राउन शुगर),Sweet,380,0,98,0,Sweet (मधुर),Heating (उष्ण),Heavy (गुरु),Sweet (मधुर),"Balances V. Increases K, P.",Milder than white sugar.
White Sugar (सफेद शक्कर),Sweet,387,0,100,0,Sweet (मधुर),Cooling (शीत),Heavy (गुरु),Sweet (मधुर),"Balances V. Increases K, P.",Highly processed.
Honey (शहद),Sweet,304,0.3,82,0,"Sweet, Astringent (मधुर, कषाय)",Heating (उष्ण),Light (लघु),Sweet (मधुर),"Balances K, V. Increases P.","Antibacterial, boosts immunity."
Maple Syrup (मेपल सिरप),Sweet,260,0,67,0,Sweet (मधुर),Cooling (शीत),Heavy (गुरु),Sweet (मधुर),"Balances V. Increases K, P.",Natural sweetener.
Molasses (गुड़ का सिरका),Sweet,290,0,75,0,Sweet (मधुर),Heating (उष्ण),Heavy (गुरु),Sweet (मधुर),"Balances V. Increases K, P.",Rich in minerals.
Coconut Sugar (नारियल शुगर),Sweet,375,0,92,0,Sweet (मधुर),Cooling (शीत),Heavy (गुरु),Sweet (मधुर),"Balances V. Increases K, P.",Low glycemic index.
Palm Sugar (ताड़ शुगर),Sweet,386,0,95,0,Sweet (मधुर),Cooling (शीत),Heavy (गुरु),Sweet (मधुर),"Balances V. Increases K, P.",Traditional sweetener.
Agave Syrup (एगेव सिरप),Sweet,310,0,76,0,Sweet (मधुर),Cooling (शीत),Heavy (गुरु),Sweet (मधुर),"Balances V. Increases K, P.",Used as sugar substitute.
Stevia (स्टीविया),Sweetener,0,0,0,0,Sweet (मधुर),Cooling (शीत),Light (लघु),Sweet (मधुर),"Balances P, K.",Natural zero-calorie sweetener.
Barley (जौ),Grain,354,12,73,2.3,Sweet (मधुर),Cooling (शीत),Light (लघु),Sweet (मधुर),"Balances P, K. Can increase V.",Good for digestion.
Wheat (गेहूं),Grain,327,13,71,1.5,Sweet (मधुर),Cooling (शीत),Heavy (गुरु),Sweet (मधुर),"Balances V, P. Increases K.",Staple grain.
Rice White (चावल सफेद),Grain,130,2.7,28,0.3,Sweet (मधुर),Cooling (शीत),Light (लघु),Sweet (मधुर),"Balances P, V. Increases K.",Easily digestible.
Rice Brown (चावल भूरा),Grain,111,2.6,23,0.9,Sweet (मधुर),Cooling (शीत),Heavy (गुरु),Sweet (मधुर),"Balances V, P. Increases K.",Higher fiber content.
Oats (जई),Grain,389,17,66,7,Sweet (मधुर),Heating (उष्ण),Heavy (गुरु),Sweet (मधुर),"Balances V. Increases P, K.",Good for heart health.
Millet Pearl (बाजरा),Grain,378,11,73,4.2,Sweet (मधुर),Heating (उष्ण),Heavy (गुरु),Sweet (मधुर),"Balances V. Increases P, K.",Warming grain.
Millet Finger (रागी),Grain,336,7,72,1.5,Sweet (मधुर),Cooling (शीत),Heavy (गुरु),Sweet (मधुर),"Balances P. Increases V, K.",Rich in calcium.
Millet Foxtail (कंगनी),Grain,351,12,65,4,Sweet (मधुर),Heating (उष्ण),Light (लघु),Sweet (मधुर),"Balances V. Increases P, K.",Easily digestible millet.
Millet Barnyard (साँवा),Grain,300,11,55,4,Sweet (मधुर),Cooling (शीत),Light (लघु),Sweet (मधुर),"Balances P. Can increase V, K.",Fasting grain.
Millet Kodo (कोदो),Grain,353,8,66,3,Sweet (मधुर),Cooling (शीत),Light (लघु),Sweet (मधुर),"Balances P. Can increase V, K.",Traditional millet.
Millet Little (कुटकी),Grain,329,9,68,4,Sweet (मधुर),Cooling (शीत),Light (लघु),Sweet (मधुर),"Balances P. Can increase V, K.","Light, good for fasting."
Quinoa (क्विनोआ),Pseudo-grain,368,14,64,6,Sweet (मधुर),Cooling (शीत),Light (लघु),Sweet (मधुर),"Balances P, K. Can increase V.",High protein content.
Buckwheat (कूटू),Pseudo-grain,343,13,71,3.4,"Sweet, Bitter (मधुर, तिक्त)",Heating (उष्ण),Light (लघु),Sweet (मधुर),"Balances V. Increases P, K.",Used in fasting.
Sorghum (ज्वार),Grain,329,11,72,3.3,Sweet (मधुर),Cooling (शीत),Light (लघु),Sweet (मधुर),"Balances P. Increases V, K.",Gluten-free grain.
Corn (मक्का),Grain,365,9,74,4.7,Sweet (मधुर),Heating (उष्ण),Heavy (गुरु),Sweet (मधुर),"Balances V. Increases P, K.",Energizing.
Popcorn (पॉपकॉर्न),Snack,375,12,78,4.3,Sweet (मधुर),Heating (उष्ण),Light (लघु),Sweet (मधुर),"Balances V. Increases P, K.",Light snack.
Rice Noodles (चावल नूडल्स),Grain Product,364,6,80,0.9,Sweet (मधुर),Cooling (शीत),Light (लघु),Sweet (मधुर),Balances P. Increases K.,Easy to digest.
Wheat Noodles (गेहूं नूडल्स),Grain Product,371,12,75,1.3,Sweet (मधुर),Heating (उष्ण),Heavy (गुरु),Sweet (मधुर),Balances V. Increases K.,Filling.
Vermicelli (सेवई),Grain Product,360,9,74,1.2,Sweet (मधुर),Cooling (शीत),Light (लघु),Sweet (मधुर),Balances P. Increases K.,Used in sweets and savory dishes.
Poha (पोहा),Flattened Rice,350,6,76,1,Sweet (मधुर),Cooling (शीत),Light (लघु),Sweet (मधुर),Balances P. Increases K.,Light breakfast dish.
Puffed Rice (मुरमुरा),Snack,402,7,90,0.6,Sweet (मधुर),Cooling (शीत),Light (लघु),Sweet (मधुर),Balances P. Increases K.,"Very light, easily digested."
Broken Wheat (दलिया),Grain Product,342,12,72,1.3,Sweet (मधुर),Heating (उष्ण),Heavy (गुरु),Sweet (मधुर),Balances V. Increases K.,Wholesome breakfast.
Semolina (सूजी),Grain Product,360,12,72,1.1,Sweet (मधुर),Heating (उष्ण),Light (लघु),Sweet (मधुर),Balances V. Increases K.,"Used in halwa, upma."
Whole Wheat Flour (आटा),Flour,340,13,72,2.5,Sweet (मधुर),Cooling (शीत),Heavy (गुरु),Sweet (मधुर),Balances V. Increases K.,Staple flour.
Refined Flour (मैदा),Flour,364,10,76,1,Sweet (मधुर),Heating (उष्ण),Heavy (गुरु),Sweet (मधुर),"Increases K, P. Aggravates V.",Less nutritious.
Rice Flour (चावल का आटा),Flour,366,6,80,1,Sweet (मधुर),Cooling (शीत),Light (लघु),Sweet (मधुर),Balances P. Increases K.,Gluten-free.
Barley Flour (जौ का आटा),Flour,345,12,73,2.5,Sweet (मधुर),Cooling (शीत),Light (लघु),Sweet (मधुर),"Balances P, K.",Good for digestion.
Gram Flour (बेसन),Flour,387,22,58,6,"Pungent, Astringent (कटु, कषाय)",Heating (उष्ण),Light (लघु),Pungent (कटु),"Balances K. Increases P, V.",Used in pakoras.
Soya Flour (सोया आटा),Flour,372,36,30,20,Astringent (कषाय),Heating (उष्ण),Heavy (गुरु),Pungent (कटु),"Balances V. Increases P, K.",High protein flour.
Millet Flour (बाजरा आटा),Flour,350,11,70,4,Sweet (मधुर),Heating (उष्ण),Heavy (गुरु),Sweet (मधुर),"Balances V. Increases P, K.","Nutritious, warming."
Ragi Flour (रागी आटा),Flour,336,7,72,1.5,Sweet (मधुर),Cooling (शीत),Heavy (गुरु),Sweet (मधुर),"Balances P. Increases V, K.",Rich in calcium.
Dry Ginger (सोंठ),Spice,335,9,71,5,Pungent (कटु),Heating (उष्ण),Light (लघु),Sweet (मधुर),"Balances K. Increases P, V.",Good for digestion.
Black Pepper (काली मिर्च),Spice,255,10,64,3.3,Pungent (कटु),Heating (उष्ण),Light (लघु),Pungent (कटु),"Balances K. Increases P, V.",Stimulates appetite.
Cloves (लौंग),Spice,274,6,65,13,Pungent (कटु),Heating (उष्ण),Light (लघु),Pungent (कटु),"Balances K. Increases V, P.",Antimicrobial.
Cinnamon (दालचीनी),Spice,247,4,81,1.2,"Sweet, Pungent (मधुर, कटु)",Heating (उष्ण),Light (लघु),Pungent (कटु),"Balances K. Increases P, V.",Improves metabolism.
Cardamom (इलायची),Spice,311,11,68,7,"Sweet, Pungent (मधुर, कटु)",Cooling (शीत),Light (लघु),Sweet (मधुर),"Balances P, K.",Freshens breath.
Nutmeg (जायफल),Spice,525,6,49,36,"Sweet, Astringent (मधुर, कषाय)",Heating (उष्ण),Heavy (गुरु),Pungent (कटु),"Balances V. Increases P, K.",Calming effect.
Mace (जावित्री),Spice,475,6,50,32,Pungent (कटु),Heating (उष्ण),Light (लघु),Pungent (कटु),"Balances K. Increases P, V.",Enhances aroma.
Turmeric (हल्दी),Spice,354,8,65,10,"Bitter, Pungent (तिक्त, कटु)",Heating (उष्ण),Light (लघु),Pungent (कटु),"Balances K. Increases P, V.",Anti-inflammatory.
Coriander Seeds (धनिया बीज),Spice,298,12,55,17,"Astringent, Sweet (कषाय, मधुर)",Cooling (शीत),Light (लघु),Sweet (मधुर),"Balances P, K.",Soothes digestion.
Cumin Seeds (जीरा),Spice,375,18,44,22,Pungent (कटु),Heating (उष्ण),Light (लघु),Pungent (कटु),"Balances K. Increases P, V.",Aids digestion.
Fennel Seeds (सौंफ),Spice,345,16,52,14,Sweet (मधुर),Cooling (शीत),Light (लघु),Sweet (मधुर),Balances P. Increases K.,Carminative.
Fenugreek Seeds (मेथी दाना),Spice,323,23,58,6,Bitter (तिक्त),Heating (उष्ण),Heavy (गुरु),Pungent (कटु),"Balances K. Increases P, V.",Controls blood sugar.
Mustard Seeds (सरसों),Spice,508,26,28,36,Pungent (कटु),Heating (उष्ण),Heavy (गुरु),Pungent (कटु),"Balances K. Increases P, V.",Stimulates appetite.
Asafoetida (हींग),Spice,297,4,67,1,Pungent (कटु),Heating (उष्ण),Light (लघु),Pungent (कटु),"Balances K. Increases P, V.",Strong digestive aid.
Saffron (केसर),Spice,310,11,65,6,"Bitter, Sweet (तिक्त, मधुर)",Heating (उष्ण),Light (लघु),Sweet (मधुर),"Balances V, K.",Enhances complexion.
Sesame Seeds (तिल),Seed,573,18,23,50,Sweet (मधुर),Heating (उष्ण),Heavy (गुरु),Sweet (मधुर),"Balances V. Increases P, K.",Rich in calcium.
Flax Seeds (अलसी),Seed,534,18,28,42,"Sweet, Astringent (मधुर, कषाय)",Heating (उष्ण),Heavy (गुरु),Sweet (मधुर),"Balances V. Increases P, K.",Rich in omega-3.
Sunflower Seeds (सूरजमुखी बीज),Seed,584,21,20,51,Sweet (मधुर),Heating (उष्ण),Heavy (गुरु),Sweet (मधुर),"Balances V. Increases P, K.",Rich in vitamin E.
Pumpkin Seeds (कद्दू के बीज),Seed,559,19,11,49,Sweet (मधुर),Heating (उष्ण),Heavy (गुरु),Sweet (मधुर),"Balances V. Increases P, K.",Good for urinary health.
Chia Seeds (चिया बीज),Seed,486,17,42,31,Sweet (मधुर),Cooling (शीत),Light (लघु),Sweet (मधुर),"Balances P. Increases V, K.",Hydrating.
Poppy Seeds (खसखस),Seed,525,18,28,42,Sweet (मधुर),Cooling (शीत),Heavy (गुरु),Sweet (मधुर),"Balances V. Increases K, P.",Nervine tonic.
Watermelon Seeds (तरबूज के बीज),Seed,557,28,15,47,Sweet (मधुर),Cooling (शीत),Heavy (गुरु),Sweet (मधुर),"Balances V. Increases K, P.",Rich in protein.
Cantaloupe Seeds (खरबूजे के बीज),Seed,536,20,28,43,Sweet (मधुर),Cooling (शीत),Heavy (गुरु),Sweet (मधुर),"Balances V. Increases K, P.",Nutritious.
Lotus Seeds (मखाना),Seed,350,9,77,0.1,Sweet (मधुर),Cooling (शीत),Light (लघु),Sweet (मधुर),Balances P. Increases K.,Good for kidneys.
Almond (बादाम),Nut,576,21,22,49,Sweet (मधुर),Heating (उष्ण),Heavy (गुरु),Sweet (मधुर),"Balances V. Increases P, K.",Brain tonic.
Cashew (काजू),Nut,553,18,30,44,Sweet (मधुर),Heating (उष्ण),Heavy (गुरु),Sweet (मधुर),"Balances V. Increases P, K.",Energy-dense.
Pistachio (पिस्ता),Nut,562,20,28,45,Sweet (मधुर),Heating (उष्ण),Heavy (गुरु),Sweet (मधुर),"Balances V. Increases P, K.",Good for heart.
Walnut (अखरोट),Nut,654,15,14,65,Sweet (मधुर),Heating (उष्ण),Heavy (गुरु),Sweet (मधुर),"Balances V. Increases P, K.",Rich in omega-3.
Peanut (मूंगफली),Nut/Legume,567,25,16,49,Sweet (मधुर),Heating (उष्ण),Heavy (गुरु),Sweet (मधुर),"Balances V. Increases P, K.",Affordable protein source.
Hazelnut (हैज़लनट),Nut,628,15,17,61,Sweet (मधुर),Heating (उष्ण),Heavy (गुरु),Sweet (मधुर),"Balances V. Increases P, K.",Rich in vitamin E.
Brazil Nut (ब्राजील नट),Nut,656,14,12,66,Sweet (मधुर),Heating (उष्ण),Heavy (गुरु),Sweet (मधुर),"Balances V. Increases P, K.",High selenium.
Pine Nut (चिलगोजा),Nut,673,14,13,68,Sweet (मधुर),Heating (उष्ण),Heavy (गुरु),Sweet (मधुर),"Balances V. Increases P, K.",Rich in antioxidants.
Macadamia (मैकडामिया),Nut,718,8,14,76,Sweet (मधुर),Heating (उष्ण),Heavy (गुरु),Sweet (मधुर),"Balances V. Increases P, K.",Very high fat content.
Chestnut (शाहबलूत),Nut,245,2,53,1,Sweet (मधुर),Cooling (शीत),Light (लघु),Sweet (मधुर),"Balances P. Increases V, K.","Low fat nut, eaten roasted."
Coconut (Dry) (सूखा नारियल),Nut,660,7,24,65,Sweet (मधुर),Heating (उष्ण),Heavy (गुरु),Sweet (मधुर),"Balances V. Increases P, K.",Strengthens tissues.
Fresh Coconut (ताजा नारियल),Fruit/Nut,354,3,15,33,Sweet (मधुर),Cooling (शीत),Heavy (गुरु),Sweet (मधुर),"Balances P, V. Increases K.","Hydrating, cooling."
Coconut Water (नारियल पानी),Drink,19,0.7,3.7,0.2,Sweet (मधुर),Cooling (शीत),Light (लघु),Sweet (मधुर),"Balances P, K.",Excellent for dehydration.
Raisins (किशमिश),Dry Fruit,299,3,79,0.5,Sweet (मधुर),Cooling (शीत),Heavy (गुरु),Sweet (मधुर),Balances V. Increases K.,Mild laxative.
Dates (खजूर),Dry Fruit,277,2,75,0.2,Sweet (मधुर),Heating (उष्ण),Heavy (गुरु),Sweet (मधुर),"Balances V. Increases P, K.",Instant energy.
Figs (अंजीर),Dry Fruit,249,3,64,1,Sweet (मधुर),Cooling (शीत),Light (लघु),Sweet (मधुर),"Balances P, K.",Good for digestion.
Prunes (सूखे आलूबुखारा),Dry Fruit,240,2.2,64,0.4,Sweet (मधुर),Heating (उष्ण),Light (लघु),Sweet (मधुर),"Balances V. Increases P, K.",Laxative.
Apricot (सूखा खुबानी),Dry Fruit,241,3.4,63,0.5,"Sweet, Sour (मधुर, अम्ल)",Cooling (शीत),Light (लघु),Sweet (मधुर),"Balances P. Increases V, K.",Rich in vitamin A.
Mulberry (शहतूत),Fruit,43,1.4,10,0.4,"Sweet, Sour (मधुर, अम्ल)",Cooling (शीत),Light (लघु),Sweet (मधुर),"Balances P. Increases V, K.",Blood purifier.
Jamun (जामुन),Fruit,60,1,15,0.2,"Astringent, Sour (कषाय, अम्ल)",Cooling (शीत),Light (लघु),Pungent (कटु),"Balances P, K. Increases V.",Good for diabetes.
Bael Fruit (बेल),Fruit,137,2,31,0.3,"Sweet, Astringent (मधुर, कषाय)",Cooling (शीत),Heavy (गुरु),Sweet (मधुर),"Balances P. Increases V, K.",Excellent for digestion.
Wood Apple (कैथ),Fruit,140,2,30,0.4,"Sour, Astringent (अम्ल, कषाय)",Heating (उष्ण),Heavy (गुरु),Pungent (कटु),"Balances K. Increases V, P.",Strengthens intestines.
Tamarind (इमली),Fruit,239,3,63,0.6,Sour (अम्ल),Heating (उष्ण),Heavy (गुरु),Sour (अम्ल),"Balances V. Increases P, K.",Strongly sour.
Starfruit (कमरख),Fruit,31,1,7,0.3,"Sour, Astringent (अम्ल, कषाय)",Cooling (शीत),Light (लघु),Sour (अम्ल),"Balances P. Increases V, K.",Rich in vitamin C.
Passion Fruit (कृष्ण फल),Fruit,97,2,23,0.4,"Sweet, Sour (मधुर, अम्ल)",Cooling (शीत),Light (लघु),Sweet (मधुर),"Balances P, V.",Rich in antioxidants.
Kiwi (कीवी),Fruit,61,1,15,0.5,"Sour, Sweet (अम्ल, मधुर)",Cooling (शीत),Light (लघु),Sour (अम्ल),Balances P. Increases V.,High vitamin C.
Dragon Fruit (पिताया),Fruit,60,1.2,13,0.1,Sweet (मधुर),Cooling (शीत),Light (लघु),Sweet (मधुर),"Balances P, V.",Good for immunity.
Avocado (मक्खन फल),Fruit,160,2,9,15,Sweet (मधुर),Cooling (शीत),Heavy (गुरु),Sweet (मधुर),Balances V. Increases K.,Rich in healthy fats.
Guava (अमरूद),Fruit,68,2.6,14,1,"Sweet, Astringent (मधुर, कषाय)",Cooling (शीत),Light (लघु),Sweet (मधुर),"Balances P. Increases V, K.",Rich in vitamin C.
Litchi (लीची),Fruit,66,0.8,17,0.4,Sweet (मधुर),Cooling (शीत),Heavy (गुरु),Sweet (मधुर),Balances P. Increases V.,Refreshing fruit.
Rambutan (रामबूटन),Fruit,68,0.9,16,0.2,Sweet (मधुर),Cooling (शीत),Light (लघु),Sweet (मधुर),Balances P. Increases V.,Similar to litchi.
Longan (लॉन्गन),Fruit,60,1,15,0.1,Sweet (मधुर),Cooling (शीत),Light (लघु),Sweet (मधुर),"Balances P, V.",Blood tonic.
Persimmon (तेंदू),Fruit,81,0.6,18,0.3,Sweet (मधुर),Heating (उष्ण),Heavy (गुरु),Sweet (मधुर),"Balances V. Increases P, K.",Rich in vitamin A.
Pomegranate (अनार),Fruit,83,1.7,19,1.2,"Sweet, Astringent (मधुर, कषाय)",Cooling (शीत),Light (लघु),Sweet (मधुर),"Balances P, K.",Blood purifier.
Black Currant (ब्लैक करंट),Dry Fruit,282,4,73,0.5,"Sweet, Sour (मधुर, अम्ल)",Cooling (शीत),Light (लघु),Sweet (मधुर),"Balances P. Increases V, K.",Rich in vitamin C.
Gooseberry (Amla) (आंवला),Fruit,44,1,10,0.6,Sour (अम्ल),Cooling (शीत),Light (लघु),Sweet (मधुर),Balances all doshas.,Rejuvenating fruit.
Hog Plum (अमड़ा),Fruit,42,0.5,10,0.3,Sour (अम्ल),Heating (उष्ण),Light (लघु),Sour (अम्ल),"Balances V. Increases P, K.",Used in chutneys.
Loquat (लोकाट),Fruit,47,0.4,12,0.2,"Sweet, Sour (मधुर, अम्ल)",Cooling (शीत),Light (लघु),Sweet (मधुर),"Balances P, V.",Mildly laxative.
Sapodilla (Chikoo) (चीकू),Fruit,83,0.4,20,1.1,Sweet (मधुर),Heating (उष्ण),Heavy (गुरु),Sweet (मधुर),"Balances V. Increases P, K.",Rich in sugar.
Custard Apple (सीताफल),Fruit,94,2.1,23,0.3,Sweet (मधुर),Cooling (शीत),Heavy (गुरु),Sweet (मधुर),Balances V. Increases K.,Nourishing.
Soursop (लक्ष्मण फल),Fruit,66,1,17,0.3,"Sour, Sweet (अम्ल, मधुर)",Cooling (शीत),Light (लघु),Sweet (मधुर),"Balances P, V.",Used medicinally.
Jackfruit (कटहल),Fruit,95,2,23,0.6,Sweet (मधुर),Heating (उष्ण),Heavy (गुरु),Sweet (मधुर),"Balances V. Increases P, K.",Nourishing fruit.
Durian (ड्यूरियन),Fruit,147,1.5,27,5,Sweet (मधुर),Heating (उष्ण),Heavy (गुरु),Sweet (मधुर),"Balances V. Increases K, P.",Strong odor fruit.
Chempedak (चेम्पेडक),Fruit,120,2,27,0.8,Sweet (मधुर),Heating (उष्ण),Heavy (गुरु),Sweet (मधुर),Balances V. Increases K.,Closely related to jackfruit.
Breadfruit (कदम फल),Fruit,103,1.1,27,0.2,Sweet (मधुर),Cooling (शीत),Heavy (गुरु),Sweet (मधुर),"Balances P. Increases K, V.",Starchy fruit.
Plantain (कच्चा केला),Fruit/Vegetable,122,1.3,31,0.3,Sweet (मधुर),Heating (उष्ण),Heavy (गुरु),Sweet (मधुर),Balances V. Increases K.,Cooked as vegetable.
Banana (केला),Fruit,89,1.1,23,0.3,Sweet (मधुर),Cooling (शीत),Heavy (गुरु),Sweet (मधुर),Balances V. Increases K.,Quick energy.
Red Banana (लाल केला),Fruit,90,1,23,0.4,Sweet (मधुर),Cooling (शीत),Heavy (गुरु),Sweet (मधुर),Balances V. Increases K.,Rich in antioxidants.
Apple (सेब),Fruit,52,0.3,14,0.2,Sweet (मधुर),Cooling (शीत),Light (लघु),Sweet (मधुर),"Balances P, K.",Good for digestion.
Pear (नाशपाती),Fruit,57,0.4,15,0.1,Sweet (मधुर),Cooling (शीत),Light (लघु),Sweet (मधुर),"Balances P, K.",Hydrating.
Peach (आड़ू),Fruit,39,0.9,10,0.3,Sweet (मधुर),Cooling (शीत),Light (लघु),Sweet (मधुर),"Balances P. Increases V, K.",Juicy summer fruit.
Plum (आलूबुखारा),Fruit,46,0.7,11,0.3,"Sweet, Sour (मधुर, अम्ल)",Cooling (शीत),Light (लघु),Sour (अम्ल),"Balances P. Increases V, K.",Improves digestion.
Cherry (चेरी),Fruit,63,1,16,0.2,Sweet (मधुर),Cooling (शीत),Light (लघु),Sweet (मधुर),"Balances P, K.",Rich in antioxidants.
Foxnuts (मखाना),Seeds & Nuts,347,9.7,76.9,0.1,Sweet (मधुर),Cooling (शीत),Light (लघु),Sweet (मधुर),"Balances P, K. Can increase V.","Good snack, calming for mind."
Jackfruit Seeds (कटहल बीज),Seeds & Nuts,184,7,38.4,0.4,"Sweet, Astringent (मधुर, कषाय)",Heating (उष्ण),Heavy (गुरु),Sweet (मधुर),"Balances V, K. Can increase P.","Nutritious, improves digestion."
Chironji Seeds (चिरौंजी),Seeds & Nuts,656,19,12,59,Sweet (मधुर),Heating (उष्ण),"Unctuous, Heavy (स्निग्ध, गुरु)",Sweet (मधुर),"Balances V. Increases K, P.","Tonic, used in sweets."
Lotus Seeds (कमल गट्टा),Seeds & Nuts,350,9.5,77,0.5,Sweet (मधुर),Cooling (शीत),Light (लघु),Sweet (मधुर),"Balances P. Can increase V, K.","Strengthens kidneys, calming."
Pumpkin Seeds (कद्दू बीज),Seeds & Nuts,559,30,11,49,"Sweet, Astringent (मधुर, कषाय)",Heating (उष्ण),Unctuous (स्निग्ध),Sweet (मधुर),"Balances V. Increases K, P.","Rich in zinc, supports immunity."
Watermelon Seeds (तरबूज बीज),Seeds & Nuts,557,28,15,47,Sweet (मधुर),Cooling (शीत),"Unctuous, Light (स्निग्ध, लघु)",Sweet (मधुर),Balances P. Increases K.,"Cooling, beneficial for urinary tract."
Cucumber Seeds (खीरा बीज),Seeds & Nuts,500,27,15,42,Sweet (मधुर),Cooling (शीत),"Light, Unctuous (लघु, स्निग्ध)",Sweet (मधुर),Balances P. Can increase K.,"Soothing, good in summer."
Sesame Seeds Black (काला तिल),Seeds & Nuts,573,17,23,49,"Sweet, Bitter (मधुर, तिक्त)",Heating (उष्ण),"Heavy, Unctuous (गुरु, स्निग्ध)",Sweet (मधुर),"Balances V. Increases K, P.","Strengthens bones, hair, skin."
Sesame Seeds White (सफेद तिल),Seeds & Nuts,573,18,23,49,Sweet (मधुर),Heating (उष्ण),"Heavy, Unctuous (गुरु, स्निग्ध)",Sweet (मधुर),"Balances V. Increases K, P.","Nutritive, improves complexion."
Flax Seeds (अलसी),Seeds & Nuts,534,18,29,42,"Astringent, Bitter (कषाय, तिक्त)",Heating (उष्ण),"Unctuous, Heavy (स्निग्ध, गुरु)",Pungent (कटु),"Balances V. Increases K, P.",Rich in omega-3 fatty acids.
Sunflower Seeds (सूरजमुखी बीज),Seeds & Nuts,584,21,20,51,Sweet (मधुर),Heating (उष्ण),"Heavy, Unctuous (गुरु, स्निग्ध)",Sweet (मधुर),"Balances V. Increases K, P.",Good for heart and skin.
Poppy Seeds (खसखस),Seeds & Nuts,525,18,28,42,Sweet (मधुर),Cooling (शीत),"Heavy, Unctuous (गुरु, स्निग्ध)",Sweet (मधुर),Balances P. Increases K.,"Calming, promotes sleep."
Nigella Seeds (कलौंजी),Seeds & Nuts,375,17,44,22,"Pungent, Bitter (कटु, तिक्त)",Heating (उष्ण),"Sharp, Light (तीक्ष्ण, लघु)",Pungent (कटु),"Balances K, V. Increases P.","Improves digestion, immunity."
Hemp Seeds (भांग बीज),Seeds & Nuts,553,31,8.7,48,Sweet (मधुर),Heating (उष्ण),"Heavy, Unctuous (गुरु, स्निग्ध)",Sweet (मधुर),"Balances V. Increases K, P.","Rich in protein, boosts energy."
Chia Seeds (चिया बीज),Seeds & Nuts,486,17,42,31,Sweet (मधुर),Cooling (शीत),"Light, Unctuous (लघु, स्निग्ध)",Sweet (मधुर),"Balances P, V. Increases K.","Rich in fiber, hydrating."
Mustard Seeds (सरसों दाना),Seeds & Nuts,508,26,28,36,Pungent (कटु),Heating (उष्ण),"Sharp, Unctuous (तीक्ष्ण, स्निग्ध)",Pungent (कटु),"Balances K. Increases P, V.",Stimulates digestion.
Ajwain Seeds (अजवाइन),Seeds & Spices,305,16,43,25,Pungent (कटु),Heating (उष्ण),"Sharp, Light (तीक्ष्ण, लघु)",Pungent (कटु),"Balances K, V. Increases P.","Excellent for digestion, relieves gas."
Carom Seeds (ओवा),Seeds & Spices,305,16,43,25,Pungent (कटु),Heating (उष्ण),"Sharp, Light (तीक्ष्ण, लघु)",Pungent (कटु),"Balances V, K. Increases P.",Strong digestive stimulant.
Coriander Seeds (धनिया),Seeds & Spices,298,12,55,1,"Sweet, Astringent (मधुर, कषाय)",Cooling (शीत),"Light, Dry (लघु, रूक्ष)",Sweet (मधुर),"Balances P, K. Can increase V.","Mild, cooling, aids digestion."
Cumin Seeds (जीरा),Seeds & Spices,375,18,44,22,Pungent (कटु),Heating (उष्ण),"Light, Sharp (लघु, तीक्ष्ण)",Pungent (कटु),"Balances K, V. Increases P.","Improves digestion, enhances taste."
Fennel Seeds (सौंफ),Seeds & Spices,345,16,52,15,Sweet (मधुर),Cooling (शीत),"Light, Unctuous (लघु, स्निग्ध)",Sweet (मधुर),"Balances P, V. Increases K.","Cooling, good for eyes and digestion."
Fenugreek Seeds (मेथी दाना),Seeds & Spices,323,23,58,6,Bitter (तिक्त),Heating (उष्ण),"Heavy, Dry (गुरु, रूक्ष)",Pungent (कटु),"Balances K, V. Increases P.","Good for diabetes, digestion."
Cardamom (इलायची),Spices,311,11,68,7,Sweet (मधुर),Cooling (शीत),"Light, Aromatic (लघु, सुगंधि)",Sweet (मधुर),"Balances P, K. Can increase V.","Freshens breath, aids digestion."
Cloves (लौंग),Spices,274,6,65,13,Pungent (कटु),Heating (उष्ण),"Sharp, Light (तीक्ष्ण, लघु)",Pungent (कटु),"Balances K, V. Increases P.","Antiseptic, relieves toothache."
Cinnamon (दालचीनी),Spices,247,4,81,1,"Sweet, Pungent (मधुर, कटु)",Heating (उष्ण),"Light, Dry (लघु, रूक्ष)",Pungent (कटु),"Balances K, V. Increases P.","Improves circulation, digestion."
Nutmeg (जायफल),Spices,525,6,49,36,"Astringent, Sweet (कषाय, मधुर)",Heating (उष्ण),Heavy (गुरु),Pungent (कटु),"Balances V. Increases K, P.","Sedative, promotes sleep."
Mace (जावित्री),Spices,475,7,50,32,"Astringent, Sweet (कषाय, मधुर)",Heating (उष्ण),"Sharp, Heavy (तीक्ष्ण, गुरु)",Pungent (कटु),"Balances V. Increases K, P.","Aromatic, digestive stimulant."
Black Pepper (काली मिर्च),Spices,251,10,64,3,Pungent (कटु),Heating (उष्ण),"Sharp, Light (तीक्ष्ण, लघु)",Pungent (कटु),"Balances K, V. Increases P.",Stimulates metabolism.
Long Pepper (पिप्पली),Spices,374,12,66,3,Pungent (कटु),Heating (उष्ण),"Sharp, Light (तीक्ष्ण, लघु)",Pungent (कटु),"Balances K, V. Increases P.",Enhances bioavailability of herbs.
Turmeric (हल्दी),Spices,354,8,65,10,"Bitter, Pungent (तिक्त, कटु)",Heating (उष्ण),"Light, Dry (लघु, रूक्ष)",Pungent (कटु),"Balances K, V. Increases P.","Anti-inflammatory, antioxidant."
Ginger Dry (सोंठ),Spices,335,9,71,4,Pungent (कटु),Heating (उष्ण),"Light, Sharp (लघु, तीक्ष्ण)",Sweet (मधुर),"Balances K. Increases P, V.","Improves digestion, relieves cold."
Asafoetida (हींग),Spices,297,4,67,1,Pungent (कटु),Heating (उष्ण),"Sharp, Light (तीक्ष्ण, लघु)",Pungent (कटु),"Balances K, V. Increases P.",Excellent for gas and digestion.
Saffron (केसर),Spices,310,11,65,6,"Bitter, Sweet (तिक्त, मधुर)",Heating (उष्ण),Light (लघु),Sweet (मधुर),"Balances V, K. Increases P.","Mood enhancer, improves complexion."
Bay Leaf (तेजपत्ता),Spices,313,8,75,8,"Bitter, Astringent (तिक्त, कषाय)",Heating (उष्ण),"Light, Dry (लघु, रूक्ष)",Pungent (कटु),"Balances K. Increases P, V.","Improves digestion, aromatic."
Star Anise (चक्र फूल),Spices,337,18,50,16,Sweet (मधुर),Heating (उष्ण),"Light, Aromatic (लघु, सुगंधि)",Sweet (मधुर),"Balances V, K. Increases P.","Used in spice blends, digestion."
Tamarind (इमली),Fruits,239,2.8,62,0.6,Sour (अम्ल),Heating (उष्ण),"Heavy, Moist (गुरु, स्निग्ध)",Sour (अम्ल),"Balances V. Increases P, K.","Laxative, improves taste."
Raw Mango (कच्चा आम),Fruits,65,0.5,17,0.3,Sour (अम्ल),Cooling (शीत),Light (लघु),Sour (अम्ल),"Balances V. Increases P, K.","Improves appetite, cooling."
Ripe Mango (पका आम),Fruits,60,0.8,15,0.4,Sweet (मधुर),Heating (उष्ण),"Heavy, Unctuous (गुरु, स्निग्ध)",Sweet (मधुर),"Balances V. Increases K, P.","Energizing, improves immunity."
Guava (अमरूद),Fruits,68,2.6,14,1,"Sweet, Astringent (मधुर, कषाय)",Cooling (शीत),Light (लघु),Sweet (मधुर),"Balances P, K. Can increase V.","Rich in vitamin C, improves digestion."
Papaya (पपीता),Fruits,43,0.5,11,0.3,Sweet (मधुर),Cooling (शीत),Light (लघु),Sweet (मधुर),"Balances V, P. Can increase K.","Improves digestion, skin health."
Banana (केला),Fruits,89,1.1,23,0.3,Sweet (मधुर),Cooling (शीत),"Heavy, Moist (गुरु, स्निग्ध)",Sweet (मधुर),"Balances V. Increases K, P.","Nutritive, promotes strength."
Apple (सेब),Fruits,52,0.3,14,0.2,Sweet (मधुर),Cooling (शीत),Light (लघु),Sweet (मधुर),"Balances P, K. Can increase V.","Cleansing, improves complexion."
Pear (नाशपाती),Fruits,57,0.4,15,0.1,"Sweet, Astringent (मधुर, कषाय)",Cooling (शीत),"Light, Moist (लघु, स्निग्ध)",Sweet (मधुर),Balances P. Can increase V.,"Good for digestion, hydrating."
Peach (आड़ू),Fruits,39,0.9,10,0.3,"Sweet, Sour (मधुर, अम्ल)",Cooling (शीत),"Light, Moist (लघु, स्निग्ध)",Sweet (मधुर),"Balances P, V. Increases K.","Refreshing, improves skin."
Plum (आलूबुखारा),Fruits,46,0.7,11,0.3,"Sour, Sweet (अम्ल, मधुर)",Cooling (शीत),Light (लघु),Sour (अम्ल),"Balances V, P. Increases K.","Mild laxative, good in summer."
Cherry (चेरी),Fruits,50,1,12,0.3,"Sweet, Sour (मधुर, अम्ल)",Cooling (शीत),"Light, Moist (लघु, स्निग्ध)",Sweet (मधुर),"Balances P, V. Increases K.",Rich in antioxidants.
Grapes (अंगूर),Fruits,69,0.7,18,0.2,Sweet (मधुर),Cooling (शीत),"Heavy, Moist (गुरु, स्निग्ध)",Sweet (मधुर),"Balances V, P. Increases K.","Blood purifier, nourishing."
Black Grapes (काले अंगूर),Fruits,70,0.8,18,0.2,"Sweet, Astringent (मधुर, कषाय)",Cooling (शीत),Heavy (गुरु),Sweet (मधुर),Balances P. Increases K.,"Rich in antioxidants, cooling."
Orange (संतरा),Fruits,47,0.9,12,0.1,"Sour, Sweet (अम्ल, मधुर)",Cooling (शीत),Light (लघु),Sour (अम्ल),"Balances V, P. Increases K.","Vitamin C rich, refreshing."
Sweet Lime (मौसंबी),Fruits,44,0.8,11,0.1,"Sweet, Sour (मधुर, अम्ल)",Cooling (शीत),Light (लघु),Sweet (मधुर),"Balances P, V. Increases K.","Mild, cooling, hydrating."
Lemon (नींबू),Fruits,29,1.1,9,0.3,Sour (अम्ल),Cooling (शीत),"Light, Sharp (लघु, तीक्ष्ण)",Sour (अम्ल),"Balances V. Increases P, K.","Digestive, detoxifying."
Pomelo (चकोतरा),Fruits,38,0.8,10,0.04,"Sour, Sweet (अम्ल, मधुर)",Cooling (शीत),Light (लघु),Sour (अम्ल),"Balances V, P. Increases K.","Refreshing, high vitamin C."
Watermelon (तरबूज),Fruits,30,0.6,8,0.2,Sweet (मधुर),Cooling (शीत),Light (लघु),Sweet (मधुर),"Balances P. Can increase V, K.",Excellent coolant in summer.
Muskmelon (खरबूजा),Fruits,34,0.8,8,0.2,Sweet (मधुर),Cooling (शीत),"Light, Moist (लघु, स्निग्ध)",Sweet (मधुर),"Balances P. Increases V, K.","Hydrating, improves digestion."
Pineapple (अनानास),Fruits,50,0.5,13,0.1,"Sour, Sweet (अम्ल, मधुर)",Heating (उष्ण),"Light, Sharp (लघु, तीक्ष्ण)",Sour (अम्ल),"Balances V. Increases P, K.",Digestive stimulant.
Lychee (लीची),Fruits,66,0.8,17,0.4,Sweet (मधुर),Cooling (शीत),Heavy (गुरु),Sweet (मधुर),"Balances V. Increases K, P.","Sweet, hydrating, nourishing."
Pomegranate (अनार),Fruits,83,1.7,19,1.2,"Sweet, Astringent (मधुर, कषाय)",Cooling (शीत),Light (लघु),Sweet (मधुर),Balances all doshas (Tridoshic).,"Blood purifier, strengthens heart."
Fig (अंजीर),Fruits,74,0.8,19,0.3,Sweet (मधुर),Heating (उष्ण),"Heavy, Moist (गुरु, स्निग्ध)",Sweet (मधुर),"Balances V. Increases K, P.","Good for constipation, energy giving."
Dates (खजूर),Fruits,282,2.5,75,0.4,Sweet (मधुर),Heating (उष्ण),"Heavy, Moist (गुरु, स्निग्ध)",Sweet (मधुर),"Balances V. Increases K, P.","Strengthens body, nourishing."
Raisins (किशमिश),Fruits,299,3.1,79,0.5,Sweet (मधुर),Heating (उष्ण),Heavy (गुरु),Sweet (मधुर),"Balances V. Increases K, P.",Improves hemoglobin.
Black Currant (काली किशमिश),Fruits,280,1.4,73,0.3,"Sweet, Astringent (मधुर, कषाय)",Cooling (शीत),Light (लघु),Sweet (मधुर),"Balances P, V. Increases K.",Rich in antioxidants.
Apricot (खुबानी),Fruits,48,1.4,11,0.4,"Sweet, Astringent (मधुर, कषाय)",Cooling (शीत),"Light, Moist (लघु, स्निग्ध)",Sweet (मधुर),"Balances P, V. Increases K.","Good for skin, eyes."
Kiwi (कीवी),Fruits,61,1.1,15,0.5,"Sweet, Sour (मधुर, अम्ल)",Cooling (शीत),Light (लघु),Sour (अम्ल),"Balances P. Can increase V, K.",Rich in vitamin C.
Dragon Fruit (ड्रैगन फल),Fruits,60,1.2,13,0.2,Sweet (मधुर),Cooling (शीत),Light (लघु),Sweet (मधुर),"Balances P. Can increase V, K.","Hydrating, antioxidant."
Starfruit (कमरख),Fruits,31,1,7,0.3,"Sour, Sweet (अम्ल, मधुर)",Cooling (शीत),Light (लघु),Sour (अम्ल),"Balances V, P. Increases K.",Good for digestion.
Custard Apple (सीताफल),Fruits,94,2.1,23,0.3,Sweet (मधुर),Cooling (शीत),Heavy (गुरु),Sweet (मधुर),"Balances V. Increases K, P.","Nourishing, good for energy."
Jamun (जामुन),Fruits,60,0.7,15,0.2,"Astringent, Sweet (कषाय, मधुर)",Cooling (शीत),Light (लघु),Sweet (मधुर),"Balances P, K. Can increase V.","Good for diabetes, digestion."
Bael Fruit (बेल),Fruits,137,1.8,31,0.3,"Sweet, Astringent (मधुर, कषाय)",Cooling (शीत),Heavy (गुरु),Sweet (मधुर),"Balances P. Can increase V, K.",Excellent for digestion.
Wood Apple (कैथ),Fruits,140,3,25,0.6,"Sour, Astringent (अम्ल, कषाय)",Cooling (शीत),Heavy (गुरु),Sour (अम्ल),"Balances V. Increases P, K.",Improves bowel health.
Loquat (लोकाट),Fruits,47,0.4,12,0.2,"Sweet, Sour (मधुर, अम्ल)",Cooling (शीत),Light (लघु),Sweet (मधुर),"Balances P. Can increase V, K.","Seasonal fruit, aids digestion."
Mulberry (शहतूत),Fruits,43,1.4,10,0.4,Sweet (मधुर),Cooling (शीत),Light (लघु),Sweet (मधुर),"Balances P. Can increase V, K.",Good for blood health.
Persimmon (तेंदू),Fruits,70,0.6,18,0.2,"Sweet, Astringent (मधुर, कषाय)",Heating (उष्ण),Heavy (गुरु),Sweet (मधुर),"Balances V. Increases K, P.",Strengthens immunity.
Olives Green (जैतून हरा),Fruits,145,1,4,15,"Bitter, Astringent (तिक्त, कषाय)",Heating (उष्ण),"Heavy, Unctuous (गुरु, स्निग्ध)",Pungent (कटु),"Balances V. Increases K, P.","Good fat, supports heart."
Olives Black (जैतून काला),Fruits,115,0.8,6,11,Bitter (तिक्त),Heating (उष्ण),Heavy (गुरु),Pungent (कटु),"Balances V. Increases K, P.","Antioxidant, improves skin."
Moong Dal (मूंग दाल),Pulse,347,24,63,1.3,"Sweet, Astringent (मधुर, कषाय)",Cooling (शीत),"Light, Dry (लघु, रूक्ष)",Sweet (मधुर),"Balances V, P. Can increase K.","Easily digestible, recommended in Ayurveda khichdi."
Masoor Dal (मसूर दाल),Pulse,352,25,60,1.5,"Sweet, Astringent (मधुर, कषाय)",Heating (उष्ण),"Light, Dry (लघु, रूक्ष)",Pungent (कटु),Balances K. Can increase P.,"Good protein source, slightly heating."
Chana Dal (चना दाल),Pulse,364,20,61,6,Sweet (मधुर),Heating (उष्ण),Heavy (गुरु),Sweet (मधुर),Balances K. Increases V.,Nutritious but heavier than moong.
Toor Dal (अरहर दाल),Pulse,343,22,63,2,"Sweet, Astringent (मधुर, कषाय)",Heating (उष्ण),Light (लघु),Pungent (कटु),"Balances V, K. Increases P.","Common in Indian dals, easily digestible."
Urad Dal (उड़द दाल),Pulse,347,25,58,1.5,Sweet (मधुर),Heating (उष्ण),Heavy (गुरु),Sweet (मधुर),Strengthens Vata but can aggravate it if excess.,"Strength-giving, aphrodisiac in Ayurveda."
Rajma (किडनी बीन्स),Pulse,333,24,60,1.1,Sweet (मधुर),Heating (उष्ण),Heavy (गुरु),Sweet (मधुर),"Balances V. Increases P, K.",Protein-rich but gas-forming.
Chickpeas (काबुली चना),Pulse,364,19,61,6,"Sweet, Astringent (मधुर, कषाय)",Cooling (शीत),Heavy (गुरु),Sweet (मधुर),"Balances P. Increases V, K.","Good protein, causes flatulence for some."
Black Chana (काला चना),Pulse,360,20,60,5,Astringent (कषाय),Cooling (शीत),"Heavy, Dry (गुरु, रूक्ष)",Pungent (कटु),Balances P. Increases V.,"Nutritious, strengthening."
Soybean (सोयाबीन),Pulse,446,36,30,20,Sweet (मधुर),Cooling (शीत),"Heavy, Oily (गुरु, स्निग्ध)",Sweet (मधुर),"Balances V. Increases K, P.","Rich in protein, hormone-like effects."
Green Peas (हरी मटर),Pulse/Vegetable,81,5,14,0.4,Sweet (मधुर),Cooling (शीत),Light (लघु),Sweet (मधुर),Balances P. Increases V.,"Good protein, fiber-rich."
Brown Rice (भूरा चावल),Grain,111,2.6,23,0.9,Sweet (मधुर),Cooling (शीत),Light (लघु),Sweet (मधुर),Balances P. Can increase V.,"Whole grain, rich in fiber."
White Rice (सफेद चावल),Grain,130,2.7,28,0.3,Sweet (मधुर),Cooling (शीत),Light (लघु),Sweet (मधुर),Balances P. Increases K.,Easily digestible staple.
Parboiled Rice (उकड़ा चावल),Grain,123,2.9,26,0.4,Sweet (मधुर),Cooling (शीत),Light (लघु),Sweet (मधुर),Balances P. Increases K.,"Nutritive, easier digestion than raw rice."
Basmati Rice (बासमती चावल),Grain,120,2.9,25,0.4,Sweet (मधुर),Cooling (शीत),"Light, Aromatic (लघु, सुगंधित)",Sweet (मधुर),Balances P. Increases V.,"Highly aromatic, sattvic."
"Millet (Bajra, बाजरा)",Grain,378,11,73,4.2,Sweet (मधुर),Heating (उष्ण),"Heavy, Dry (गुरु, रूक्ष)",Pungent (कटु),"Balances K. Increases V, P.","Good for winter, warming grain."
"Ragi (Nachni, रागी)",Grain,336,7,72,1.5,Sweet (मधुर),Cooling (शीत),Heavy (गुरु),Sweet (मधुर),Balances P. Increases V.,"Calcium-rich, cooling grain."
"Jowar (Sorghum, ज्वार)",Grain,329,10,72,3.5,Sweet (मधुर),Cooling (शीत),Light (लघु),Sweet (मधुर),Balances P. Increases V.,Easily digestible millet.
Foxtail Millet (कांगनी),Grain,331,12,65,3,Sweet (मधुर),Cooling (शीत),Light (लघु),Sweet (मधुर),"Balances P, K. Increases V.",Good for diabetics.
Barnyard Millet (सांवा),Grain,300,11,65,3.9,Sweet (मधुर),Cooling (शीत),"Light, Dry (लघु, रूक्ष)",Sweet (मधुर),Balances P. Increases V.,Popular in fasting foods.
Kodo Millet (कोदो),Grain,309,8.3,66,3.6,Sweet (मधुर),Cooling (शीत),Light (लघु),Sweet (मधुर),Balances P. Increases V.,"Fiber-rich, fasting grain."
Little Millet (कुटकी),Grain,207,7.7,38,4.7,Sweet (मधुर),Cooling (शीत),"Light, Dry (लघु, रूक्ष)",Sweet (मधुर),Balances P. Increases V.,"Light millet, easy digestion."
Oats (जई),Grain,389,16,66,7,Sweet (मधुर),Heating (उष्ण),Heavy (गुरु),Sweet (मधुर),Balances K. Increases V.,"Nutritious, energy-rich."
Barley (जौ),Grain,354,12,73,2.3,Sweet (मधुर),Cooling (शीत),"Light, Dry (लघु, रूक्ष)",Pungent (कटु),"Balances K, P. Increases V.","Excellent for weight loss, cleansing."
Wheat (गेंहू),Grain,327,12,71,1.5,Sweet (मधुर),Cooling (शीत),Heavy (गुरु),Sweet (मधुर),Balances V. Increases K.,Strength-giving grain.
"Suji (Semolina, सूजी)",Grain (Processed),360,12,72,1,Sweet (मधुर),Cooling (शीत),Light (लघु),Sweet (मधुर),Balances V. Increases K.,"Used in upma, halwa."
"Poha (Flattened Rice, पोहा)",Grain (Processed),110,2.4,23,0.1,Sweet (मधुर),Cooling (शीत),Light (लघु),Sweet (मधुर),Balances P. Increases K.,Light breakfast item.
Sabudana (साबूदाना),Grain (Processed),350,0.2,87,0.2,Sweet (मधुर),Cooling (शीत),Heavy (गुरु),Sweet (मधुर),Balances P. Increases K.,Common fasting food.
"Besan (Gram Flour, बेसन)",Pulse Flour,387,22,58,6,Sweet (मधुर),Heating (उष्ण),"Dry, Light (रूक्ष, लघु)",Pungent (कटु),Balances K. Increases V.,Protein-rich flour.
Almonds (बादाम),Nut,579,21,22,50,Sweet (मधुर),Heating (उष्ण),"Heavy, Oily (गुरु, स्निग्ध)",Sweet (मधुर),"Balances V. Increases P, K.","Memory booster, nourishing."
Cashews (काजू),Nut,553,18,30,44,Sweet (मधुर),Heating (उष्ण),"Heavy, Oily (गुरु, स्निग्ध)",Sweet (मधुर),Balances V. Increases K.,"Rich, heavy nut."
Pistachio (पिस्ता),Nut,562,20,28,45,Sweet (मधुर),Heating (उष्ण),"Heavy, Oily (गुरु, स्निग्ध)",Sweet (मधुर),"Balances V. Increases P, K.",Strength-giving nut.
Walnut (अखरोट),Nut,654,15,14,65,"Bitter, Sweet (तिक्त, मधुर)",Heating (उष्ण),Heavy (गुरु),Sweet (मधुर),"Balances V. Increases P, K.","Brain food, omega-3 rich."
Peanuts (मूंगफली),Nut/Legume,567,26,16,49,Sweet (मधुर),Heating (उष्ण),Heavy (गुरु),Sweet (मधुर),Balances V. Increases K.,Protein and fat rich.
Sesame Seeds (तिल),Seed,573,18,23,50,"Sweet, Bitter (मधुर, तिक्त)",Heating (उष्ण),Heavy (गुरु),Sweet (मधुर),"Balances V. Increases P, K.","Rich in calcium, oil-producing."
Flax Seeds (अलसी),Seed,534,18,29,42,"Astringent, Sweet (कषाय, मधुर)",Heating (उष्ण),Heavy (गुरु),Pungent (कटु),"Balances V. Increases P, K.",Good omega-3 source.
Sunflower Seeds (सूरजमुखी बीज),Seed,584,21,20,51,Sweet (मधुर),Heating (उष्ण),Heavy (गुरु),Sweet (मधुर),Balances V. Increases K.,Rich in vitamin E.
Pumpkin Seeds (कद्दू बीज),Seed,559,30,11,49,Sweet (मधुर),Heating (उष्ण),"Heavy, Oily (गुरु, स्निग्ध)",Sweet (मधुर),"Balances V. Increases P, K.",Good for prostate health.
Chia Seeds (चिया बीज),Seed,486,17,42,31,Sweet (मधुर),Cooling (शीत),"Light, Moist (लघु, स्निग्ध)",Sweet (मधुर),"Balances P, K. Can increase V.",Rich in omega-3 and fiber.
Mustard Seeds (सरसों के बीज),Spice/Seed,508,26,28,36,Pungent (कटु),Heating (उष्ण),Sharp (तीक्ष्ण),Pungent (कटु),Balances K. Increases P.,Stimulates digestion.
Cumin Seeds (जीरा),Spice/Seed,375,18,44,22,Pungent (कटु),Heating (उष्ण),Light (लघु),Pungent (कटु),Balances K. Increases P.,"Improves digestion, carminative."
Coriander Seeds (धनिया),Spice/Seed,298,12,55,17,"Astringent, Sweet (कषाय, मधुर)",Cooling (शीत),Light (लघु),Sweet (मधुर),"Balances P, K.",Mild and cooling spice.
Fennel Seeds (सौंफ),Spice/Seed,345,15,52,14,Sweet (मधुर),Cooling (शीत),Light (लघु),Sweet (मधुर),"Balances P, V.","Aromatic, aids digestion."
Fenugreek Seeds (मेथी दाना),Spice/Seed,323,23,58,6,Bitter (तिक्त),Heating (उष्ण),"Light, Dry (लघु, रूक्ष)",Pungent (कटु),Balances K. Increases P.,Good for sugar control.
Turmeric (हल्दी),Spice,354,8,65,10,"Bitter, Pungent (तिक्त, कटु)",Heating (उष्ण),Light (लघु),Pungent (कटु),"Balances K, V. Increases P.","Anti-inflammatory, antiseptic."
Pointed Gourd (परवल),Vegetable,20,2,4,0.2,"Astringent, Bitter (कषाय, तिक्त)",Cooling (शीत),Light (लघु),Sweet (मधुर),"Balances P, K. Can aggravate V.","Good for digestion, mild laxative."
Snake Gourd (चिचिंडा),Vegetable,18,1,4,0.1,Bitter (तिक्त),Cooling (शीत),Light (लघु),Sweet (मधुर),"Balances P, K.","Detoxifying, reduces fever."
Apple Gourd (टिंडा),Vegetable,21,1.4,4.5,0.2,Sweet (मधुर),Cooling (शीत),Light (लघु),Sweet (मधुर),"Balances P, K. Can increase V.","Good for digestion, easy to cook."
Ridge Gourd (तोरी),Vegetable,17,0.6,3.4,0.2,"Bitter, Astringent (तिक्त, कषाय)",Cooling (शीत),Light (लघु),Pungent (कटु),"Balances P, K. May aggravate V.","Mild diuretic, clears toxins."
Sponge Gourd (घीया तोरी),Vegetable,20,1,4,0.2,"Sweet, Bitter (मधुर, तिक्त)",Cooling (शीत),Light (लघु),Sweet (मधुर),"Balances P, K.",Good for liver and skin.
Teasel Gourd (कंटोला),Vegetable,44,2.1,8.1,1.6,"Bitter, Astringent (तिक्त, कषाय)",Cooling (शीत),"Light, Dry (लघु, रूक्ष)",Pungent (कटु),"Balances K, P. Can increase V.","Anti-inflammatory, promotes digestion."
Cluster Beans (गवार फली),Vegetable,16,3.2,10.8,1,Bitter (तिक्त),Heating (उष्ण),"Light, Dry (लघु, रूक्ष)",Pungent (कटु),"Balances V, K. Can aggravate P.","Lowers cholesterol, good fiber."
Indian Bean (वैल),Vegetable,37,4.5,6.6,0.3,Sweet (मधुर),Heating (उष्ण),"Light, Dry (लघु, रूक्ष)",Sweet (मधुर),"Balances V, K.","Rich in protein, seasonal legume."
Hyacinth Bean (शिमला वेल),Vegetable,47,4.2,8,0.5,"Sweet, Astringent (मधुर, कषाय)",Heating (उष्ण),Dry (रूक्ष),Sweet (मधुर),"Balances V, K.","Good protein source, aids energy."
Drumstick Pods (सहजन फलियाँ),Vegetable,37,2.1,8.5,0.2,Pungent (कटु),Heating (उष्ण),"Light, Dry (लघु, रूक्ष)",Pungent (कटु),"Balances K, V. Can increase P.","Good for joints, digestion, immunity."
Colocasia Leaves (अरबी के पत्ते),Leafy Greens,42,4.2,6.7,1.3,"Astringent, Pungent (कषाय, कटु)",Heating (उष्ण),Heavy (गुरु),Pungent (कटु),"Balances V. Can aggravate P, K.","Rich in iron, must be cooked well."
Taro Root (अरबी),Vegetable,142,2,34,0.1,Sweet (मधुर),Heating (उष्ण),"Heavy, Slimy (गुरु, स्निग्ध)",Sweet (मधुर),"Balances V. Increases K, P.","Good for energy, grounding."
Yam (सुरन),Vegetable,118,1.5,27,0.2,"Astringent, Sweet (कषाय, मधुर)",Heating (उष्ण),"Heavy, Dry (गुरु, रूक्ष)",Pungent (कटु),"Balances V, K. Can aggravate P.","Promotes digestion, strengthens muscles."
Lotus Stem (कमल ककड़ी),Vegetable,74,2.6,17,0.1,Sweet (मधुर),Cooling (शीत),Light (लघु),Sweet (मधुर),"Balances P, K.","Blood purifier, improves digestion."
Lotus Seeds (मखाना),Seed,362,9.7,77,0.1,Sweet (मधुर),Cooling (शीत),"Light, Dry (लघु, रूक्ष)",Sweet (मधुर),"Balances P, K.","Strengthens kidneys, anti-aging."
Water Chestnut (सिंघाड़ा),Fruit/Seed,97,1.4,24,0.1,Sweet (मधुर),Cooling (शीत),"Heavy, Moist (गुरु, स्निग्ध)",Sweet (मधुर),"Balances P, K.",Good for urinary health.
Jackfruit Raw (कटहल कच्चा),Vegetable,95,2,23,0.6,"Sweet, Astringent (मधुर, कषाय)",Heating (उष्ण),Heavy (गुरु),Sweet (मधुर),"Balances V, K. Can aggravate P.","Rich in fiber, good meat substitute."
Jackfruit Ripe (कटहल पका),Fruit,95,1.7,23,0.6,Sweet (मधुर),Cooling (शीत),Heavy (गुरु),Sweet (मधुर),"Balances V, P. Can aggravate K.","Rich in antioxidants, energy boosting."
Papaya Raw (पपीता कच्चा),Vegetable,27,0.5,7,0.1,Astringent (कषाय),Heating (उष्ण),Light (लघु),Pungent (कटु),"Balances V, K.","Good for digestion, enzyme-rich."
Papaya Ripe (पपीता पका),Fruit,43,0.5,11,0.3,Sweet (मधुर),Cooling (शीत),Light (लघु),Sweet (मधुर),"Balances P, V. Can aggravate K.",Rich in Vitamin C and antioxidants.
Banana Raw (कच्चा केला),Vegetable,89,1.1,23,0.3,Astringent (कषाय),Heating (उष्ण),Heavy (गुरु),Pungent (कटु),Balances V. Can aggravate K.,"Used in curries, high starch."
Banana Ripe (पका केला),Fruit,89,1.1,23,0.3,Sweet (मधुर),Cooling (शीत),Heavy (गुरु),Sweet (मधुर),"Balances V, P. Can aggravate K.","Rich in potassium, good for energy."
Guava (अमरूद),Fruit,68,2.6,14,0.9,"Astringent, Sweet (कषाय, मधुर)",Cooling (शीत),Light (लघु),Sweet (मधुर),"Balances P, K. Can increase V.","High in Vitamin C, digestion friendly."
Custard Apple (सीताफल),Fruit,94,2.1,23,0.3,Sweet (मधुर),Cooling (शीत),Heavy (गुरु),Sweet (मधुर),"Balances V, P. Can increase K.",Rich in natural sugars and minerals.
Wood Apple (कबैठा),Fruit,134,7.1,18.1,3.7,"Sweet, Astringent (मधुर, कषाय)",Cooling (शीत),Heavy (गुरु),Sweet (मधुर),"Balances P, K.","Strengthens digestion, laxative."
Bael Fruit (बेल),Fruit,137,1.8,31,0.3,"Astringent, Sweet (कषाय, मधुर)",Cooling (शीत),Heavy (गुरु),Sweet (मधुर),"Balances P, K. Can aggravate V.","Excellent for digestion, cures diarrhea."
Jamun (जामुन),Fruit,60,0.7,15,0.2,Astringent (कषाय),Cooling (शीत),"Light, Dry (लघु, रूक्ष)",Pungent (कटु),"Balances P, K. Can increase V.","Good for diabetes, purifies blood."
Mulberry (शहतूत),Fruit,43,1.4,10,0.4,"Sweet, Astringent (मधुर, कषाय)",Cooling (शीत),Light (लघु),Sweet (मधुर),"Balances P, K.","Improves blood, boosts immunity."
Raspberry (रसभरी),Fruit,52,1.2,12,0.7,"Sweet, Astringent (मधुर, कषाय)",Cooling (शीत),"Light, Dry (लघु, रूक्ष)",Sweet (मधुर),"Balances P, K.",Rich in antioxidants.
Strawberry (स्ट्रॉबेरी),Fruit,32,0.7,8,0.3,"Sweet, Astringent (मधुर, कषाय)",Cooling (शीत),Light (लघु),Sweet (मधुर),"Balances P, K.",Rich in Vitamin C.
Blueberry (नीलबदरी),Fruit,57,0.7,14,0.3,"Sweet, Astringent (मधुर, कषाय)",Cooling (शीत),Light (लघु),Sweet (मधुर),"Balances P, K.",High antioxidants.
Blackberry (जामुन प्रकार),Fruit,43,1.4,10,0.4,"Astringent, Sweet (कषाय, मधुर)",Cooling (शीत),"Light, Dry (लघु, रूक्ष)",Pungent (कटु),"Balances P, K.",Supports digestion.
Peach (आड़ू),Fruit,39,0.9,10,0.3,Sweet (मधुर),Cooling (शीत),Light (लघु),Sweet (मधुर),"Balances P, V.",Good for skin and hydration.
Plum (आलूबुखारा),Fruit,46,0.7,11,0.3,"Sweet, Sour (मधुर, अम्ल)",Cooling (शीत),Light (लघु),Sweet (मधुर),"Balances P, K.",Improves digestion.
Apricot (खुबानी),Fruit,48,1.4,11,0.4,Sweet (मधुर),Cooling (शीत),Light (लघु),Sweet (मधुर),"Balances P, V.",Rich in iron and Vitamin A.
Nectarine (नेक्टरिन),Fruit,44,1.1,11,0.3,Sweet (मधुर),Cooling (शीत),Light (लघु),Sweet (मधुर),"Balances P, V.",Improves hydration.
Persimmon (तेंदू फल),Fruit,70,0.6,18,0.2,"Sweet, Astringent (मधुर, कषाय)",Heating (उष्ण),Heavy (गुरु),Sweet (मधुर),"Balances V, P.","Improves digestion, strengthens heart."
Kiwi (कीवी),Fruit,61,1.1,15,0.5,"Sweet, Sour (मधुर, अम्ल)",Cooling (शीत),Light (लघु),Sweet (मधुर),"Balances P, V.",Rich in Vitamin C.
Pomegranate (अनार),Fruit,83,1.7,19,1.2,"Sweet, Astringent (मधुर, कषाय)",Cooling (शीत),Light (लघु),Sweet (मधुर),Balances all doshas.,Excellent blood purifier.
Fig (अंजीर),Fruit,74,0.8,19,0.3,Sweet (मधुर),Cooling (शीत),Heavy (गुरु),Sweet (मधुर),"Balances V, P. Can aggravate K.",Good fiber and minerals.
Grapes (अंगूर),Fruit,69,0.7,18,0.2,"Sweet, Sour (मधुर, अम्ल)",Cooling (शीत),Heavy (गुरु),Sweet (मधुर),"Balances V, P.","Nourishes tissues, good for anemia."
Green Grapes (हरे अंगूर),Fruit,67,0.7,17,0.2,"Sweet, Sour (मधुर, अम्ल)",Cooling (शीत),Light (लघु),Sweet (मधुर),"Balances V, P.","Refreshing, hydrating."
Black Grapes (काले अंगूर),Fruit,70,0.7,18,0.3,"Sweet, Astringent (मधुर, कषाय)",Cooling (शीत),Heavy (गुरु),Sweet (मधुर),"Balances V, P.",Rich in antioxidants.
Raisin (किशमिश),Dry Fruit,299,3.1,79,0.5,Sweet (मधुर),Heating (उष्ण),Heavy (गुरु),Sweet (मधुर),"Balances V, P. Can aggravate K.","Good for energy, iron-rich."
Dates (खजूर),Dry Fruit,282,2.5,75,0.4,Sweet (मधुर),Heating (उष्ण),Heavy (गुरु),Sweet (मधुर),"Balances V, P. Increases K.",Excellent energy booster.
Prunes (सूखा आलूबुखारा),Dry Fruit,240,2.2,64,0.4,"Sweet, Astringent (मधुर, कषाय)",Heating (उष्ण),Heavy (गुरु),Sweet (मधुर),"Balances V, P.","Good laxative, rich in fiber."
Apricot Dried (सूखी खुबानी),Dry Fruit,241,3.4,63,0.5,Sweet (मधुर),Heating (उष्ण),Heavy (गुरु),Sweet (मधुर),"Balances V, P.",Rich in iron and fiber.
Apple Dried (सूखा सेब),Dry Fruit,243,0.9,65,0.3,Sweet (मधुर),Heating (उष्ण),Heavy (गुरु),Sweet (मधुर),"Balances V, P.","High fiber, concentrated nutrients."
Banana Dried (केला सूखा),Dry Fruit,346,3.9,88,1.2,Sweet (मधुर),Heating (उष्ण),Heavy (गुरु),Sweet (मधुर),"Balances V, P.","Energy dense, potassium-rich."
Papaya Dried (पपीता सूखा),Dry Fruit,320,2.5,86,0.6,Sweet (मधुर),Heating (उष्ण),Heavy (गुरु),Sweet (मधुर),"Balances V, P.",Good for digestion.
Mango Dried (आम पापड़),Dry Fruit,319,2.5,80,0.6,Sweet (मधुर),Heating (उष्ण),Heavy (गुरु),Sweet (मधुर),"Balances V, P.","Tangy-sweet, energy rich."
Mulberry Dried (सूखा शहतूत),Dry Fruit,325,4.2,75,1.5,Sweet (मधुर),Heating (उष्ण),Heavy (गुरु),Sweet (मधुर),"Balances V, P.",Good for blood health.
Gooseberry (आंवला),Fruit,44,0.9,10,0.6,"Sour, Astringent (अम्ल, कषाय)",Cooling (शीत),Light (लघु),Sweet (मधुर),Balances all doshas.,"Rejuvenative, rich Vitamin C."
Indian Hog Plum (अमरूल),Fruit,53,0.8,14,0.3,Sour (अम्ल),Cooling (शीत),Light (लघु),Sweet (मधुर),"Balances P, K.",Improves digestion.
Star Fruit (कमरख),Fruit,31,1,7,0.3,Sour (अम्ल),Cooling (शीत),Light (लघु),Sweet (मधुर),"Balances P, K.","Detoxifies, good for weight loss."
Tamarind (इमली),Fruit,239,2.8,62,0.6,"Sour, Sweet (अम्ल, मधुर)",Cooling (शीत),Heavy (गुरु),Sweet (मधुर),"Balances V, K. Can aggravate P.",Used as souring agent.
Coconut Tender (नारियल पानी गूदा),Fruit,19,0.7,3.7,0.2,Sweet (मधुर),Cooling (शीत),Light (लघु),Sweet (मधुर),"Balances P, V.","Refreshing, hydrating."
Coconut Mature (नारियल गूदा),Fruit,354,3.3,15,33,Sweet (मधुर),Cooling (शीत),"Heavy, Oily (गुरु, स्निग्ध)",Sweet (मधुर),"Balances V, P. Can increase",
Wood Apple (कैथ फल),Fruit,134,7,25,3.7,"Sour, Astringent (अम्ल, कषाय)",Cooling (शीत),Heavy (गुरु),Sour (अम्ल),"Balances V, K. May increase P.","Good for digestion, relieves diarrhea, rich in vitamin C."
Starfruit (कमरख),Fruit,31,1,7,0.3,"Sour, Sweet (अम्ल, मधुर)",Cooling (शीत),Light (लघु),Sweet (मधुर),"Balances P, K. Can increase V.","Hydrating fruit, high in vitamin C. Avoid in kidney issues."
Mulberry (शहतूत),Fruit,43,1.4,10,0.4,"Sweet, Slightly Sour (मधुर, अम्ल)",Cooling (शीत),Light (लघु),Sweet (मधुर),"Balances P, V. May increase K.","Blood purifier, good for liver and immunity."
Jamun (जामुन),Fruit,60,0.7,15,0.2,"Astringent, Sour (कषाय, अम्ल)",Cooling (शीत),"Light, Dry (लघु, रूक्ष)",Pungent (कटु),"Balances K, P. Can increase V.","Good for diabetes, improves digestion."
Bael Fruit (बेल),Fruit,137,2,31,0.3,"Sweet, Astringent (मधुर, कषाय)",Cooling (शीत),Heavy (गुरु),Sweet (मधुर),"Balances P, K. May increase V.","Excellent for digestion, relieves constipation."
Rose Apple (जामरोज),Fruit,25,0.6,6,0.3,"Sweet, Astringent (मधुर, कषाय)",Cooling (शीत),Light (लघु),Sweet (मधुर),Balances P. Can increase V.,"Hydrating, good for diabetes."
Custard Apple (सीताफल),Fruit,94,2.1,23.6,0.3,Sweet (मधुर),Cooling (शीत),"Heavy, Oily (गुरु, स्निग्ध)",Sweet (मधुर),"Balances V, P. Increases K.","Nutritious, high in natural sugars and magnesium."
Langra Mango (लंगड़ा आम),Fruit,70,0.8,18,0.4,Sweet (मधुर),Heating (उष्ण),Heavy (गुरु),Sweet (मधुर),"Balances V, P. Increases K.","Energizing, boosts immunity."
Totapuri Mango (तोतापुरी आम),Fruit,65,0.6,17,0.4,"Sour, Sweet (अम्ल, मधुर)",Heating (उष्ण),Heavy (गुरु),Sour (अम्ल),"Balances V, K. Increases P.","Tangy mango variety, improves digestion."
Papaya (पपीता),Fruit,43,0.5,11,0.3,Sweet (मधुर),Cooling (शीत),Light (लघु),Sweet (मधुर),"Balances V, P. Increases K.","Good for digestion, rich in papain enzyme."
Guava (अमरूद),Fruit,68,2.6,14,0.9,"Sweet, Astringent (मधुर, कषाय)",Cooling (शीत),Light (लघु),Sweet (मधुर),"Balances P, V. Increases K.","High in vitamin C, improves immunity."
Pear (नाशपाती),Fruit,57,0.4,15,0.1,"Sweet, Astringent (मधुर, कषाय)",Cooling (शीत),Light (लघु),Sweet (मधुर),Balances P. Can increase V.,"Hydrating fruit, good for digestion."
Apple (सेब),Fruit,52,0.3,14,0.2,"Sweet, Astringent (मधुर, कषाय)",Cooling (शीत),Light (लघु),Sweet (मधुर),"Balances P, K. May increase V.",Good for heart and digestion.
Banana (केला),Fruit,89,1.1,23,0.3,Sweet (मधुर),Cooling (शीत),"Heavy, Oily (गुरु, स्निग्ध)",Sweet (मधुर),"Balances V, P. Increases K.","Good energy source, rich in potassium."
Pineapple (अनानास),Fruit,50,0.5,13,0.1,"Sour, Sweet (अम्ल, मधुर)",Heating (उष्ण),Light (लघु),Sour (अम्ल),"Balances V, K. Increases P.","Aids digestion, rich in vitamin C."
Lychee (लीची),Fruit,66,0.8,17,0.4,Sweet (मधुर),Cooling (शीत),Light (लघु),Sweet (मधुर),"Balances V, P. Increases K.","Hydrating, rich in vitamin C."
Plum (आलूबुखारा),Fruit,46,0.7,11,0.3,"Sour, Sweet (अम्ल, मधुर)",Cooling (शीत),Light (लघु),Sour (अम्ल),"Balances P, K. May increase V.","Good for digestion, mild laxative."
Peach (आड़ू),Fruit,39,0.9,10,0.2,"Sweet, Sour (मधुर, अम्ल)",Cooling (शीत),Light (लघु),Sweet (मधुर),"Balances P, K. May increase V.",Good for skin and digestion.
Apricot (खुबानी),Fruit,48,1.4,11,0.4,"Sweet, Astringent (मधुर, कषाय)",Cooling (शीत),Light (लघु),Sweet (मधुर),"Balances V, P. Increases K.","Good for eyes, rich in vitamin A."
Fig (अंजीर),Fruit,74,0.8,19,0.3,Sweet (मधुर),Heating (उष्ण),Heavy (गुरु),Sweet (मधुर),"Balances V, P. Increases K.","Laxative, rich in calcium and fiber."
Dates (खजूर),Fruit,282,2.5,75,0.4,Sweet (मधुर),Heating (उष्ण),"Heavy, Oily (गुरु, स्निग्ध)",Sweet (मधुर),"Balances V. Increases K, P.","Energy dense, excellent natural sweetener."
Raisin (किशमिश),Fruit,299,3.1,79,0.5,Sweet (मधुर),Heating (उष्ण),Heavy (गुरु),Sweet (मधुर),"Balances V. Increases K, P.","Good for blood, improves stamina."
Black Grape (काला अंगूर),Fruit,69,0.7,18,0.2,"Sweet, Astringent (मधुर, कषाय)",Cooling (शीत),Light (लघु),Sweet (मधुर),"Balances P, V. May increase K.","Rich in antioxidants, good for heart."
Green Grape (हरा अंगूर),Fruit,67,0.6,17,0.2,"Sweet, Astringent (मधुर, कषाय)",Cooling (शीत),Light (लघु),Sweet (मधुर),"Balances P, V. May increase K.","Cooling, improves digestion."
Strawberry (स्ट्रॉबेरी),Fruit,32,0.7,8,0.3,"Sweet, Astringent (मधुर, कषाय)",Cooling (शीत),Light (लघु),Sweet (मधुर),Balances P. May increase V.,"Rich in vitamin C, antioxidant."
Blueberry (ब्लूबेरी),Fruit,57,0.7,14,0.3,"Sweet, Astringent (मधुर, कषाय)",Cooling (शीत),Light (लघु),Sweet (मधुर),Balances P. May increase V.,"Brain food, antioxidant rich."
Raspberry (रास्पबेरी),Fruit,52,1.2,12,0.7,"Sweet, Astringent (मधुर, कषाय)",Cooling (शीत),Light (लघु),Sweet (मधुर),Balances P. May increase V.,"Good fiber, supports weight control."
Blackberry (ब्लैकबेरी),Fruit,43,1.4,10,0.5,"Sweet, Astringent (मधुर, कषाय)",Cooling (शीत),Light (लघु),Sweet (मधुर),Balances P. May increase V.,"Good for immunity, antioxidant."
Cranberry (क्रैनबेरी),Fruit,46,0.4,12,0.1,"Sour, Astringent (अम्ल, कषाय)",Cooling (शीत),Light (लघु),Sour (अम्ल),"Balances P, K. May increase V.",Good for urinary health.
Kiwi (कीवी),Fruit,61,1.1,15,0.5,"Sour, Sweet (अम्ल, मधुर)",Cooling (शीत),Light (लघु),Sour (अम्ल),"Balances P, K. May increase V.","High vitamin C, good for immunity."
Dragon Fruit (ड्रैगन फ्रूट),Fruit,60,1.2,13,0.4,Sweet (मधुर),Cooling (शीत),Light (लघु),Sweet (मधुर),Balances P. May increase V.,"Rich in fiber, hydrating."
Passion Fruit (कृष्णा फल),Fruit,97,2.2,23,0.4,"Sour, Sweet (अम्ल, मधुर)",Cooling (शीत),Light (लघु),Sour (अम्ल),Balances P. May increase V.,"Rich in antioxidants, calming."
Avocado (एवोकाडो),Fruit,160,2,9,15,Sweet (मधुर),Cooling (शीत),"Heavy, Oily (गुरु, स्निग्ध)",Sweet (मधुर),"Balances V, P. Increases K.","Healthy fats, heart protective."
Olive (जैतून),Fruit,115,0.8,6,11,"Astringent, Slightly Bitter (कषाय, तिक्त)",Heating (उष्ण),"Light, Oily (लघु, स्निग्ध)",Pungent (कटु),"Balances V. Increases P, K.",Good source of healthy fats.
Coconut Flesh (नारियल गूदा),Fruit,354,3.3,15,33,Sweet (मधुर),Cooling (शीत),"Heavy, Oily (गुरु, स्निग्ध)",Sweet (मधुर),"Balances V, P. Increases K.","Nourishing, improves strength."
Coconut Water (नारियल पानी),Fruit,19,0.7,4,0.2,Sweet (मधुर),Cooling (शीत),Light (लघु),Sweet (मधुर),"Balances P, V. Increases K.","Hydrating, electrolyte rich."
Cantaloupe (खरबूजा),Fruit,34,0.8,8,0.2,Sweet (मधुर),Cooling (शीत),Light (लघु),Sweet (मधुर),"Balances P, V. Increases K.","Hydrating, rich in beta-carotene."
Muskmelon (खरबूजा मीठा),Fruit,36,0.9,9,0.2,Sweet (मधुर),Cooling (शीत),Light (लघु),Sweet (मधुर),"Balances P, V. Increases K.",Excellent for hydration and digestion.
Watermelon (तरबूज),Fruit,30,0.6,8,0.2,Sweet (मधुर),Cooling (शीत),Light (लघु),Sweet (मधुर),"Balances P, V. Increases K.","Cooling, hydrating, good for summer."
Honeydew Melon (सफेद खरबूजा),Fruit,36,0.5,9,0.1,Sweet (मधुर),Cooling (शीत),Light (लघु),Sweet (मधुर),"Balances P, V. Increases K.","Hydrating, soothing."
Sapodilla (चीकू),Fruit,83,0.4,20,1.1,Sweet (मधुर),Heating (उष्ण),Heavy (गुरु),Sweet (मधुर),"Balances V. Increases K, P.","Rich in natural sugars, energy boosting."
Persimmon (तेंदू फल),Fruit,70,0.6,18,0.2,"Sweet, Astringent (मधुर, कषाय)",Cooling (शीत),Heavy (गुरु),Sweet (मधुर),Balances P. Increases K.,"Rich in vitamin A, good for eyes."
Loquat (लोकाट),Fruit,47,0.4,12,0.2,"Sweet, Slightly Sour (मधुर, अम्ल)",Cooling (शीत),Light (लघु),Sweet (मधुर),Balances P. May increase V.,"Rich in vitamin A, good for lungs."
Pomelo (चकोतरा),Fruit,38,0.8,9.6,0.04,"Sour, Sweet (अम्ल, मधुर)",Cooling (शीत),Light (लघु),Sour (अम्ल),Balances P. Can increase V.,"Citrus fruit, improves digestion."
Grapefruit (ग्रेपफ्रूट),Fruit,42,0.8,11,0.1,"Sour, Bitter (अम्ल, तिक्त)",Cooling (शीत),Light (लघु),Sour (अम्ल),"Balances P, K. Can increase V.","Aids weight loss, high in vitamin C."
Orange (संतरा),Fruit,47,0.9,12,0.1,"Sour, Sweet (अम्ल, मधुर)",Cooling (शीत),Light (लघु),Sour (अम्ल),Balances P. Can increase V.,Excellent source of vitamin C.
Tangerine (किन्नू),Fruit,53,0.8,13,0.3,"Sour, Sweet (अम्ल, मधुर)",Cooling (शीत),Light (लघु),Sour (अम्ल),Balances P. Can increase V.,"Refreshing citrus, good for immunity."
Clementine (क्लेमेंटाइन),Fruit,47,0.9,12,0.1,"Sour, Sweet (अम्ल, मधुर)",Cooling (शीत),Light (लघु),Sour (अम्ल),Balances P. Can increase V.,"Easy to digest, high vitamin C."
Lemon (नींबू),Fruit,29,1.1,9,0.3,Sour (अम्ल),Cooling (शीत),Light (लघु),Sour (अम्ल),"Balances K, P. Increases V.","Good for detox, improves digestion."
Sweet Lime (मौसमी),Fruit,43,0.8,11,0.2,"Sweet, Sour (मधुर, अम्ल)",Cooling (शीत),Light (लघु),Sweet (मधुर),"Balances P, V. Increases K.","Mild citrus, hydrating."
Pomegranate (अनार),Fruit,83,1.7,19,1.2,"Sweet, Astringent (मधुर, कषाय)",Cooling (शीत),Light (लघु),Sweet (मधुर),"Balances P, K. Can increase V.","Blood purifier, heart friendly."
Black Currant (काला करौंदा),Fruit,63,1.4,15,0.4,"Sour, Sweet (अम्ल, मधुर)",Cooling (शीत),Light (लघु),Sour (अम्ल),"Balances P, K. Can increase V.",Rich in antioxidants and vitamin C.
Gooseberry (आंवला),Fruit,44,0.9,10,0.6,"Sour, Astringent (अम्ल, कषाय)",Cooling (शीत),Light (लघु),Sweet (मधुर),Balances all doshas (Tridoshic).,"Rasayana, excellent for immunity."
Hog Plum (अमरूल),Fruit,47,0.9,11,0.3,Sour (अम्ल),Cooling (शीत),Light (लघु),Sour (अम्ल),Balances P. Can increase V.,"Regional summer fruit, improves digestion."
Tamarind (इमली),Fruit,239,2.8,62,0.6,"Sour, Sweet (अम्ल, मधुर)",Heating (उष्ण),Heavy (गुरु),Sour (अम्ल),"Balances V, K. Increases P.","Digestive, mild laxative."
Karonda (करोंदा),Fruit,51,1.1,13,0.5,"Sour, Astringent (अम्ल, कषाय)",Cooling (शीत),Light (लघु),Sour (अम्ल),Balances P. Can increase V.,"Good for digestion, regional berry."
Ber (बेर),Fruit,79,1.2,20,0.2,"Sweet, Astringent (मधुर, कषाय)",Cooling (शीत),Light (लघु),Sweet (मधुर),"Balances V, P. Increases K.","Rich in vitamin C, calming."
Phalsa (फालसा),Fruit,48,1,12,0.1,"Sour, Sweet (अम्ल, मधुर)",Cooling (शीत),Light (लघु),Sour (अम्ल),Balances P. Can increase V.,Soothing summer fruit.
Soursop (लक्ष्मण फल),Fruit,66,1,16.8,0.3,"Sour, Sweet (अम्ल, मधुर)",Cooling (शीत),Light (लघु),Sour (अम्ल),Balances P. May increase V.,"Immune booster, antioxidant."
Rambutan (रामबूतान),Fruit,68,0.9,16,0.2,Sweet (मधुर),Cooling (शीत),Light (लघु),Sweet (मधुर),"Balances P, V. Increases K.","Exotic fruit, hydrating."
Mangosteen (मैंगोस्टीन),Fruit,73,0.4,18,0.6,"Sweet, Sour (मधुर, अम्ल)",Cooling (शीत),Light (लघु),Sweet (मधुर),Balances P. May increase V.,"Powerful antioxidant, called queen of fruits."
Longan (लॉन्गन),Fruit,60,1.3,15,0.1,Sweet (मधुर),Cooling (शीत),Light (लघु),Sweet (मधुर),"Balances P, V. Increases K.",Boosts energy and immunity.
Lychee Berry (लीची बेरी),Fruit,71,0.9,17,0.3,Sweet (मधुर),Cooling (शीत),Light (लघु),Sweet (मधुर),"Balances P, V. Increases K.",Cooling tropical fruit.
Jackfruit (कटहल),Fruit,95,1.7,23,0.6,Sweet (मधुर),Heating (उष्ण),Heavy (गुरु),Sweet (मधुर),"Balances V, P. Increases K.","Nutritious, energy rich."
Raw Jackfruit (कच्चा कटहल),Fruit,40,1.2,10,0.2,"Astringent, Sweet (कषाय, मधुर)",Cooling (शीत),Heavy (गुरु),Sweet (मधुर),Balances P. Increases V.,"Used as vegetable, fibrous."
Star Gooseberry (नेल्ली),Fruit,44,1,10,0.3,"Sour, Astringent (अम्ल, कषाय)",Cooling (शीत),Light (लघु),Sour (अम्ल),Balances P. May increase V.,High in vitamin C.
Bilimbi (बिलिंबी),Fruit,35,0.6,8,0.3,Sour (अम्ल),Cooling (शीत),Light (लघु),Sour (अम्ल),Balances P. Increases V.,"Very sour, regional fruit."
Ambarella (अम्बरेला),Fruit,41,0.9,10,0.3,"Sour, Sweet (अम्ल, मधुर)",Cooling (शीत),Light (लघु),Sour (अम्ल),Balances P. Can increase V.,Rich in vitamin C.
Indian Hog Plum (अमरूल),Fruit,50,0.8,12,0.4,Sour (अम्ल),Cooling (शीत),Light (लघु),Sour (अम्ल),Balances P. Increases V.,Wild seasonal fruit.
Desert Date (हिंगोट),Fruit,45,0.7,11,0.3,"Bitter, Astringent (तिक्त, कषाय)",Cooling (शीत),Light (लघु),Pungent (कटु),"Balances K, P. Increases V.","Wild fruit, used in folk medicine."
Indian Blackberry (काला जामुन),Fruit,62,0.9,15,0.3,"Astringent, Sweet (कषाय, मधुर)",Cooling (शीत),Light (लघु),Pungent (कटु),"Balances K, P. Can increase V.",Good for diabetes and digestion.
Indian Cherry (पदरी),Fruit,49,1,11,0.4,"Sweet, Astringent (मधुर, कषाय)",Cooling (शीत),Light (लघु),Sweet (मधुर),Balances P. May increase V.,Regional wild berry.
Indian Olive (जित्तर),Fruit,55,0.8,13,0.5,"Sour, Astringent (अम्ल, कषाय)",Cooling (शीत),Light (लघु),Sour (अम्ल),Balances P. Can increase V.,"Used in pickles, digestive."
Desert Fig (बरगोड़ा),Fruit,58,1,14,0.4,"Sweet, Astringent (मधुर, कषाय)",Cooling (शीत),Light (लघु),Sweet (मधुर),"Balances P, V. Increases K.","Wild fruit, fibrous."
Cluster Fig (गूलर),Fruit,63,1.2,15,0.5,"Sweet, Astringent (मधुर, कषाय)",Cooling (शीत),Light (लघु),Sweet (मधुर),Balances P. Increases K.,"Improves digestion, blood purifier."
Elephant Apple (चाल्टा),Fruit,50,1,12,0.2,"Sour, Astringent (अम्ल, कषाय)",Cooling (शीत),Light (लघु),Sour (अम्ल),Balances P. Increases V.,"Traditional wild fruit, good for digestion."
Indian Plum (काकुना),Fruit,61,1.1,15,0.3,"Sweet, Astringent (मधुर, कषाय)",Cooling (शीत),Light (लघु),Sweet (मधुर),Balances P. May increase V.,Regional seasonal fruit.
Velvet Apple (माबोल),Fruit,67,1.3,16,0.5,"Sweet, Astringent (मधुर, कषाय)",Cooling (शीत),Light (लघु),Sweet (मधुर),"Balances P, V. Increases K.","Exotic fruit, nutritious."
Indian Bael Seed Pulp (बेल गूदा),Fruit,140,2,32,0.4,"Sweet, Astringent (मधुर, कषाय)",Cooling (शीत),Heavy (गुरु),Sweet (मधुर),"Balances P, K. May increase V.","Good for constipation, digestion."
Wild Mangosteen (कुडूक),Fruit,74,0.9,18,0.3,"Sour, Sweet (अम्ल, मधुर)",Cooling (शीत),Light (लघु),Sour (अम्ल),Balances P. May increase V.,"Forest fruit, rich in antioxidants."
Wild Date (झरखुर),Fruit,210,2.1,55,0.4,Sweet (मधुर),Heating (उष्ण),Heavy (गुरु),Sweet (मधुर),"Balances V. Increases K, P.",High natural sugar content.
Black Currant (काली किशमिश),Fruit,282,3.1,74,0.4,"Sweet, Astringent (मधुर, कषाय)",Cooling (शीत),Heavy (गुरु),Sweet (मधुर),"Balances V, P. Increases K.",Rich in antioxidants and iron.
Raspberry (रसभरी),Fruit,52,1.2,12,0.7,"Sweet, Astringent (मधुर, कषाय)",Cooling (शीत),Light (लघु),Sweet (मधुर),"Balances P, K. May increase V.",High in fiber and vitamin C.
Blueberry (नीलबदरी),Fruit,57,0.7,14,0.3,"Sweet, Astringent (मधुर, कषाय)",Cooling (शीत),Light (लघु),Sweet (मधुर),Balances P. May increase V.,Boosts memory and immunity.
Cranberry (क्रैनबेरी),Fruit,46,0.4,12,0.1,"Sour, Astringent (अम्ल, कषाय)",Cooling (शीत),Light (लघु),Sour (अम्ल),"Balances K. May increase V, P.",Good for urinary tract health.
Gooseberry (आंवला),Fruit,44,0.9,10,0.6,"Sour, Astringent (अम्ल, कषाय)",Cooling (शीत),Light (लघु),Sweet (मधुर),Balances all doshas (Tridoshic).,"Very high in vitamin C, rejuvenating."
Blackberry (जामुन बेरी),Fruit,43,1.4,10,0.5,"Sweet, Astringent (मधुर, कषाय)",Cooling (शीत),"Light, Dry (लघु, रूक्ष)",Sweet (मधुर),"Balances P, K. Can increase V.",Good for heart and blood purification.
Persimmon (तेंदू फल),Fruit,70,0.6,19,0.2,"Sweet, Astringent (मधुर, कषाय)",Cooling (शीत),Heavy (गुरु),Sweet (मधुर),Balances V. Increases K.,High in antioxidants and vitamin A.
Pomegranate (अनार),Fruit,83,1.7,19,1.2,"Sweet, Astringent (मधुर, कषाय)",Cooling (शीत),Light (लघु),Sweet (मधुर),Balances all doshas (Tridoshic).,Improves digestion and blood.
Chikoo (सपोटा),Fruit,83,0.4,20,1.1,Sweet (मधुर),Cooling (शीत),Heavy (गुरु),Sweet (मधुर),"Balances V, P. Increases K.","Energy rich, improves stamina."
Kiwi (कीवी),Fruit,61,1.1,15,0.5,"Sour, Sweet (अम्ल, मधुर)",Cooling (शीत),Light (लघु),Sweet (मधुर),"Balances P, V. Can increase K.","Rich in vitamin C, improves digestion."
Dragon Fruit (ड्रैगन फ्रूट),Fruit,60,1.2,13,0.4,Sweet (मधुर),Cooling (शीत),Light (लघु),Sweet (मधुर),Balances P. Can increase K.,Good for hydration and immunity.
Passion Fruit (कृष्णा फल),Fruit,97,2.2,23,0.4,"Sweet, Sour (मधुर, अम्ल)",Cooling (शीत),Light (लघु),Sweet (मधुर),"Balances V, P. Can increase K.",Rich in fiber and antioxidants.
Coconut Water (नारियल पानी),Beverage,19,0.7,3.7,0.2,Sweet (मधुर),Cooling (शीत),Light (लघु),Sweet (मधुर),"Balances P, V. Can increase K.",Excellent natural hydrator.
Coconut Flesh (नारियल गिरी),Fruit,354,3.3,15,33,Sweet (मधुर),Cooling (शीत),"Heavy, Oily (गुरु, स्निग्ध)",Sweet (मधुर),Balances V. Increases K.,"Nourishing, high in healthy fats."
Dates (खजूर),Fruit,282,2.5,75,0.4,Sweet (मधुर),Heating (उष्ण),"Heavy, Oily (गुरु, स्निग्ध)",Sweet (मधुर),"Balances V. Increases P, K.","Energy booster, improves strength."
Dry Raisins (किशमिश),Fruit,299,3.1,79,0.5,Sweet (मधुर),Heating (उष्ण),Heavy (गुरु),Sweet (मधुर),"Balances V. Increases P, K.","Good for anemia, nourishing."
Lotus Seeds (मखाना),Seeds,347,9.7,76,0.1,"Sweet, Astringent (मधुर, कषाय)",Cooling (शीत),Light (लघु),Sweet (मधुर),"Balances P, V. Can increase K.","Good for kidneys, calming."
Chestnut (शाहबलूत),Nut,213,2.4,45,2.2,Sweet (मधुर),Cooling (शीत),Heavy (गुरु),Sweet (मधुर),"Balances V, P. Increases K.","High in carbs, low fat nut."
Almond (बादाम),Nut,579,21,22,50,Sweet (मधुर),Heating (उष्ण),"Heavy, Oily (गुरु, स्निग्ध)",Sweet (मधुर),"Balances V, K. Increases P.",Improves brain and skin.
Walnut (अखरोट),Nut,654,15,14,65,"Sweet, Astringent (मधुर, कषाय)",Heating (उष्ण),"Heavy, Oily (गुरु, स्निग्ध)",Sweet (मधुर),"Balances V, K. Increases P.","Good for brain, heart health."
Pistachio (पिस्ता),Nut,562,20,28,45,Sweet (मधुर),Heating (उष्ण),"Heavy, Oily (गुरु, स्निग्ध)",Sweet (मधुर),"Balances V. Increases P, K.","Good for digestion, energy."
Cashew (काजू),Nut,553,18,30,44,Sweet (मधुर),Heating (उष्ण),"Heavy, Oily (गुरु, स्निग्ध)",Sweet (मधुर),"Balances V. Increases P, K.","Nourishing, heavy to digest."
Groundnut (मूंगफली),Nut/Legume,567,26,16,49,Sweet (मधुर),Heating (उष्ण),"Heavy, Oily (गुरु, स्निग्ध)",Sweet (मधुर),"Balances V. Increases K, P.","Energy dense, promotes strength."
Sesame Seeds (तिल),Seeds,573,17,23,50,"Sweet, Bitter (मधुर, तिक्त)",Heating (उष्ण),"Heavy, Oily (गुरु, स्निग्ध)",Sweet (मधुर),"Balances V. Increases P, K.",Improves bone strength.
Flax Seeds (अलसी),Seeds,534,18,29,42,"Sweet, Astringent (मधुर, कषाय)",Heating (उष्ण),"Heavy, Oily (गुरु, स्निग्ध)",Sweet (मधुर),"Balances V. Increases P, K.",Rich in omega-3 fatty acids.
Pumpkin Seeds (कद्दू के बीज),Seeds,559,30,11,49,Sweet (मधुर),Heating (उष्ण),"Heavy, Oily (गुरु, स्निग्ध)",Sweet (मधुर),"Balances V. Increases P, K.",Improves prostate health.
Sunflower Seeds (सूरजमुखी के बीज),Seeds,584,21,20,51,"Sweet, Bitter (मधुर, तिक्त)",Heating (उष्ण),"Heavy, Oily (गुरु, स्निग्ध)",Sweet (मधुर),Balances V. Increases K.,"Rich in vitamin E, good for skin."
Chia Seeds (चिया बीज),Seeds,486,16,42,31,Sweet (मधुर),Cooling (शीत),Light (लघु),Sweet (मधुर),"Balances V, P. Can increase K.",Rich in omega-3 and fiber.
Watermelon Seeds (तरबूज के बीज),Seeds,557,28,15,47,Sweet (मधुर),Heating (उष्ण),"Heavy, Oily (गुरु, स्निग्ध)",Sweet (मधुर),Balances V. Increases K.,"Energy dense, good for muscles."
Cucumber Seeds (खीरे के बीज),Seeds,400,20,30,15,Sweet (मधुर),Cooling (शीत),Light (लघु),Sweet (मधुर),"Balances P, V. Can increase K.",Cooling and hydrating.
Mustard Seeds (सरसों के बीज),Seeds,508,26,28,36,Pungent (कटु),Heating (उष्ण),"Light, Sharp (लघु, तीक्ष्ण)",Pungent (कटु),"Balances K. Increases P, V.","Stimulates digestion, very heating."
Ajwain Seeds (अजवाइन),Seeds/Spice,305,16,43,25,Pungent (कटु),Heating (उष्ण),"Light, Sharp (लघु, तीक्ष्ण)",Pungent (कटु),"Balances K. Increases P, V.","Excellent for digestion, relieves gas."
Carom Seeds (ओवा),Spice,305,15,38,25,Pungent (कटु),Heating (उष्ण),Light (लघु),Pungent (कटु),"Balances K. Increases P, V.","Appetizer, improves digestion."
Fennel Seeds (सौंफ),Spice,345,16,52,14,Sweet (मधुर),Cooling (शीत),Light (लघु),Sweet (मधुर),"Balances P, V. Can increase K.","Mouth freshener, carminative."
Fenugreek Seeds (मेथी दाना),Spice/Seed,323,23,58,6,Bitter (तिक्त),Heating (उष्ण),"Light, Dry (लघु, रूक्ष)",Pungent (कटु),"Balances K. Increases P, V.",Controls blood sugar.
Coriander Seeds (धनिया),Spice,298,12,55,17,"Sweet, Slightly Bitter (मधुर, तिक्त)",Cooling (शीत),Light (लघु),Sweet (मधुर),"Balances P, V. Can increase K.",Improves digestion and urinary health.
Cumin Seeds (जीरा),Spice,375,18,44,22,Pungent (कटु),Heating (उष्ण),"Light, Sharp (लघु, तीक्ष्ण)",Pungent (कटु),"Balances K. Increases P, V.","Appetizer, improves digestion."
Black Cumin (कलौंजी),Spice,375,17,44,22,"Pungent, Bitter (कटु, तिक्त)",Heating (उष्ण),Light (लघु),Pungent (कटु),"Balances K, V. Increases P.",Strong digestive stimulant.
Asafoetida (हींग),Spice,297,4,67,1,Pungent (कटु),Heating (उष्ण),"Light, Sharp (लघु, तीक्ष्ण)",Pungent (कटु),"Balances K, V. Increases P.",Improves appetite and digestion.
Turmeric (हल्दी),Spice,354,8,65,10,"Bitter, Pungent (तिक्त, कटु)",Heating (उष्ण),"Light, Dry (लघु, रूक्ष)",Pungent (कटु),"Balances K. Increases P, V.","Anti-inflammatory, antiseptic."
Ginger (अदरक),Spice/Root,80,1.8,18,0.7,Pungent (कटु),Heating (उष्ण),"Light, Sharp (लघु, तीक्ष्ण)",Sweet (मधुर),"Balances K. Increases P, V.","Digestive stimulant, relieves nausea."
Dry Ginger (सोंठ),Spice/Root,335,9,71,5,Pungent (कटु),Heating (उष्ण),"Light, Dry (लघु, रूक्ष)",Pungent (कटु),"Balances K. Increases P, V.",Stronger digestive stimulant.
Garlic (लहसुन),Spice/Root,149,6.4,33,0.5,Pungent (कटु),Heating (उष्ण),"Light, Sharp (लघु, तीक्ष्ण)",Pungent (कटु),"Balances K, V. Increases P.","Antimicrobial, improves circulation."
Onion (प्याज),Vegetable,40,1.1,9,0.1,"Sweet, Pungent (मधुर, कटु)",Cooling (शीत),Heavy (गुरु),Sweet (मधुर),"Balances P. Increases K, V.","Blood purifier, improves digestion."
Spring Onion (हरा प्याज),Vegetable,32,1.8,7,0.2,Pungent (कटु),Heating (उष्ण),Light (लघु),Pungent (कटु),"Balances K. Increases P, V.",Good for heart health.
Leek (लीक),Vegetable,61,1.5,14,0.3,"Sweet, Pungent (मधुर, कटु)",Cooling (शीत),Light (लघु),Sweet (मधुर),"Balances P, K. May increase V.",Mild detoxifying vegetable.
Celery (अजवाइन पत्ता),Vegetable,16,0.7,3,0.2,"Slightly Bitter, Astringent (तिक्त, कषाय)",Cooling (शीत),Light (लघु),Pungent (कटु),"Balances P, K. May increase V.","Good diuretic, detoxifying."
Parsnip (शलगम गाजर),Root Vegetable,75,1.2,18,0.3,Sweet (मधुर),Heating (उष्ण),Heavy (गुरु),Sweet (मधुर),"Balances V, P. Increases K.","Rich in fiber, good winter food."
Turnip (शलगम),Root Vegetable,28,0.9,6,0.1,"Sweet, Pungent (मधुर, कटु)",Cooling (शीत),Light (लघु),Sweet (मधुर),"Balances P. Increases V, K.","Improves digestion, mild laxative."
Radish (मूली),Root Vegetable,16,0.7,3.4,0.1,Pungent (कटु),Heating (उष्ण),"Light, Sharp (लघु, तीक्ष्ण)",Pungent (कटु),"Balances K. Increases P, V.","Good for liver health, clears phlegm."
Carrot (गाजर),Root Vegetable,41,0.9,10,0.2,Sweet (मधुर),Cooling (शीत),Light (लघु),Sweet (मधुर),"Balances V, P. Increases K.","Rich in vitamin A, improves eyesight."
Beetroot (चकुंदर),Root Vegetable,43,1.6,10,0.2,Sweet (मधुर),Cooling (शीत),Heavy (गुरु),Sweet (मधुर),"Balances V, P. Increases K.","Blood builder, detoxifying."
Sweet Potato (शकरकंद),Root Vegetable,86,1.6,20,0.1,Sweet (मधुर),Cooling (शीत),Heavy (गुरु),Sweet (मधुर),Balances V. Increases K.,"Energizing, nutritious."
Tapioca (साबूदाना कच्चा),Root Vegetable,160,0.5,39,0.1,Sweet (मधुर),Cooling (शीत),Heavy (गुरु),Sweet (मधुर),Balances V. Increases K.,"Easily digestible, fasting food."
Yam (जिमीकंद),Root Vegetable,118,2,27,0.2,"Sweet, Astringent (मधुर, कषाय)",Heating (उष्ण),Heavy (गुरु),Sweet (मधुर),"Balances V. Increases K, P.",Good for spleen health.
Taro Root (अरबी),Root Vegetable,142,2,34,0.1,Sweet (मधुर),Heating (उष्ण),Heavy (गुरु),Sweet (मधुर),Balances V. Increases K.,"Heavy to digest, warming food."
Lotus Root (कमल ककड़ी),Root Vegetable,74,2.6,17,0.1,Sweet (मधुर),Cooling (शीत),Light (लघु),Sweet (मधुर),"Balances V, P. Can increase K.",Improves blood circulation.
Bamboo Shoot (बांस की कोपल),Vegetable,27,2.6,5,0.3,"Bitter, Astringent (तिक्त, कषाय)",Cooling (शीत),Light (लघु),Pungent (कटु),"Balances P, K. May increase V.","Low calorie, rich in fiber."
Snake Gourd (चिचिंडा),Vegetable,18,0.6,4,0.2,"Bitter, Sweet (तिक्त, मधुर)",Cooling (शीत),Light (लघु),Sweet (मधुर),"Balances P, K. May increase V.","Cleansing, good for fever."
Bottle Gourd (लौकी),Vegetable,14,0.6,3.4,0.1,Sweet (मधुर),Cooling (शीत),Light (लघु),Sweet (मधुर),"Balances P, K. May increase V.",Good for heart and digestion.
Ridge Gourd (तोरी),Vegetable,20,0.7,4.3,0.2,"Bitter, Sweet (तिक्त, मधुर)",Cooling (शीत),Light (लघु),Sweet (मधुर),"Balances P, K. May increase V.","Laxative, cooling."
Sponge Gourd (निंबू तोरी),Vegetable,17,0.6,3.6,0.2,"Sweet, Bitter (मधुर, तिक्त)",Cooling (शीत),Light (लघु),Sweet (मधुर),"Balances P, K. Can increase V.","Hydrating, light for digestion."
Bitter Gourd (करेला),Vegetable,17,1,3.7,0.2,Bitter (तिक्त),Cooling (शीत),Light (लघु),Pungent (कटु),"Balances P, K. Increases V.","Blood purifier, reduces sugar levels."
Pointed Gourd (परवल),Vegetable,20,2,4,0.2,Sweet (मधुर),Cooling (शीत),Light (लघु),Sweet (मधुर),"Balances P, V. May increase K.","Good for digestion, light food."
Ivy Gourd (कुंदरू),Vegetable,21,1,4,0.1,"Sweet, Bitter (मधुर, तिक्त)",Cooling (शीत),Light (लघु),Sweet (मधुर),"Balances P, K. May increase V.",Improves blood sugar control.
Cucumber (खीरा),Vegetable,16,0.7,3.6,0.1,Sweet (मधुर),Cooling (शीत),Light (लघु),Sweet (मधुर),Balances P. May increase V.,"Hydrating, mild diuretic."
Zucchini (जुकिनी),Vegetable,17,1.2,3.1,0.3,Sweet (मधुर),Cooling (शीत),Light (लघु),Sweet (मधुर),"Balances P, K. May increase V.",Light and cooling vegetable.
Pumpkin (कद्दू),Vegetable,26,1,6.5,0.1,Sweet (मधुर),Cooling (शीत),Heavy (गुरु),Sweet (मधुर),"Balances V, P. Increases K.","Nourishing, improves immunity."
Ash Gourd (पेटा/कुंभड़ा),Vegetable,13,0.4,3,0.1,Sweet (मधुर),Cooling (शीत),Light (लघु),Sweet (मधुर),Balances P. Can increase V.,"Excellent for digestion, detoxifier."
Winter Melon (सफेद पेठा),Vegetable,13,0.4,3,0.1,Sweet (मधुर),Cooling (शीत),Light (लघु),Sweet (मधुर),Balances P. Can increase V.,"Hydrating, good for pitta disorders."
Watermelon (तरबूज),Fruit,30,0.6,8,0.2,Sweet (मधुर),Cooling (शीत),Light (लघु),Sweet (मधुर),Balances P. Can increase V.,Cooling and hydrating summer fruit.
Muskmelon (खरबूजा),Fruit,34,0.8,8,0.2,Sweet (मधुर),Cooling (शीत),Light (लघु),Sweet (मधुर),"Balances P, V. Increases K.","Hydrating, good for digestion."
Papdi (पापड़ी सब्जी),Vegetable,31,2,6,0.2,"Sweet, Astringent (मधुर, कषाय)",Cooling (शीत),Light (लघु),Sweet (मधुर),"Balances P, K. May increase V.",Common in Gujarat cuisine.
Cluster Beans (गवार फली),Vegetable,50,3.2,11,0.5,Bitter (तिक्त),Cooling (शीत),"Light, Dry (लघु, रूक्ष)",Pungent (कटु),"Balances P, K. Can increase V.",Good for digestion and diabetes.
French Beans (फ्रेंच बीन्स),Vegetable,31,1.8,7,0.1,Sweet (मधुर),Cooling (शीत),Light (लघु),Sweet (मधुर),"Balances P, V. May increase K.","Rich in fiber, easy to digest."
Broad Beans (सेम फली),Vegetable,88,8,18,0.7,Sweet (मधुर),Heating (उष्ण),Heavy (गुरु),Sweet (मधुर),Balances V. Increases K.,Good protein source.
Green Peas (हरी मटर),Legume/Vegetable,81,5,14,0.4,Sweet (मधुर),Heating (उष्ण),Heavy (गुरु),Sweet (मधुर),Balances V. Increases K.,Nutritious and filling.
Snow Peas (स्नो पीज),Legume/Vegetable,42,2.8,7,0.2,Sweet (मधुर),Cooling (शीत),Light (लघु),Sweet (मधुर),"Balances P, V. May increase K.",Light and crunchy.
Soya Beans (सोयाबीन),Legume,446,36,30,20,Sweet (मधुर),Heating (उष्ण),Heavy (गुरु),Sweet (मधुर),Balances V. Increases K.,High protein plant source.
Soya Chunks (सोया बारीक),Legume Product,345,52,33,0.5,Sweet (मधुर),Heating (उष्ण),Heavy (गुरु),Sweet (मधुर),Balances V. Increases K.,"Meat substitute, very protein rich."
Kidney Beans (राजमा),Legume,333,24,60,1,Sweet (मधुर),Heating (उष्ण),Heavy (गुरु),Sweet (मधुर),Balances V. Increases K.,"Rich in iron, protein."
Black Gram (उड़द दाल),Legume,341,25,60,1.6,Sweet (मधुर),Heating (उष्ण),Heavy (गुरु),Sweet (मधुर),Balances V. Increases K.,Strengthening but heavy.
Green Gram (मूंग दाल),Legume,347,24,63,1.2,Sweet (मधुर),Cooling (शीत),Light (लघु),Sweet (मधुर),"Balances P, V. Increases K.","Easily digestible, light dal."
Chickpeas (काबुली चना),Legume,364,19,61,6,Sweet (मधुर),Heating (उष्ण),Heavy (गुरु),Sweet (मधुर),Balances V. Increases K.,"Protein rich, heavy for digestion."
Black Chickpeas (काला चना),Legume,360,20,60,6,Sweet (मधुर),Heating (उष्ण),Heavy (गुरु),Sweet (मधुर),Balances V. Increases K.,Strengthening and nourishing.
Red Lentils (मसूर दाल),Legume,352,25,60,1.1,Sweet (मधुर),Cooling (शीत),Light (लघु),Sweet (मधुर),"Balances P, V. Increases K.","Good for digestion, rich in iron."
Yellow Lentils (अरहर/तूर दाल),Legume,343,22,63,2,Sweet (मधुर),Heating (उष्ण),Heavy (गुरु),Sweet (मधुर),Balances V. Increases K.,"Protein source, strengthening."
Split Bengal Gram (चना दाल),Legume,369,20,62,6,Sweet (मधुर),Heating (उष्ण),Heavy (गुरु),Sweet (मधुर),Balances V. Increases K.,Nutritious and filling.
Field Beans (बकला),Legume,341,26,58,1.5,Sweet (मधुर),Heating (उष्ण),Heavy (गुरु),Sweet (मधुर),Balances V. Increases K.,Good for strength.
Horse Gram (कुल्थी),Legume,321,22,57,0.5,Astringent (कषाय),Heating (उष्ण),Light (लघु),Pungent (कटु),"Balances K. Increases V, P.",Helps in weight loss.
Pigeon Pea (अरहर दाल),Legume,343,22,63,2,Sweet (मधुर),Heating (उष्ण),Heavy (गुरु),Sweet (मधुर),Balances V. Increases K.,Strengthening and nourishing.
Rice (चावल),Grain,130,2.7,28,0.3,Sweet (मधुर),Cooling (शीत),Heavy (गुरु),Sweet (मधुर),"Balances V, P. Increases K.",Easily digestible staple.
Parboiled Rice (उकड़ा चावल),Grain,130,2.7,28,0.3,Sweet (मधुर),Cooling (शीत),Heavy (गुरु),Sweet (मधुर),"Balances V, P. Increases K.","Nutritious, improves digestion."
Basmati Rice (बासमती चावल),Grain,121,3.5,25,0.5,Sweet (मधुर),Cooling (शीत),Light (लघु),Sweet (मधुर),"Balances V, P. Increases K.",Aromatic and easily digestible.
Brown Rice (भूरा चावल),Grain,111,2.6,23,0.9,Sweet (मधुर),Cooling (शीत),Heavy (गुरु),Sweet (मधुर),"Balances V, P. Increases K.","Rich in fiber, nourishing."
Red Rice (लाल चावल),Grain,110,2.5,23,1,Sweet (मधुर),Cooling (शीत),Heavy (गुरु),Sweet (मधुर),"Balances V, P. Increases K.",High in iron and antioxidants.
Black Rice (काला चावल),Grain,356,8.9,75,3.3,Sweet (मधुर),Cooling (शीत),Heavy (गुरु),Sweet (मधुर),"Balances V, P. Increases K.","Rich in anthocyanins, rare grain."
Flattened Rice (पोहे),Grain Product,110,2.5,26,0.1,Sweet (मधुर),Cooling (शीत),Light (लघु),Sweet (मधुर),"Balances V, P. Increases K.","Quick to cook, light meal."
Puffed Rice (मुरमुरा),Grain Product,90,1,20,0.2,Sweet (मधुर),Cooling (शीत),Light (लघु),Sweet (मधुर),"Balances V, P. Increases K.",Light snack food.
Barley (जौ),Grain,354,12,73,2.3,Sweet (मधुर),Cooling (शीत),Heavy (गुरु),Sweet (मधुर),"Balances P, K. Increases V.","Good for weight loss, urinary health."
Wheat (गेहूं),Grain,339,13,71,2.5,Sweet (मधुर),Cooling (शीत),Heavy (गुरु),Sweet (मधुर),Balances V. Increases K.,"Staple grain, nourishing."
Whole Wheat Flour (आटा),Grain Product,340,12,72,2.5,Sweet (मधुर),Cooling (शीत),Heavy (गुरु),Sweet (मधुर),Balances V. Increases K.,"Used in chapati, paratha."
Rava/Sooji (सूजी),Grain Product,360,12,73,1,Sweet (मधुर),Heating (उष्ण),Light (लघु),Sweet (मधुर),Balances V. Increases K.,"Used in upma, halwa."
Maida (मैदा),Grain Product,364,10,76,1,Sweet (मधुर),Heating (उष्ण),Heavy (गुरु),Sweet (मधुर),"Increases K, P.","Refined flour, less healthy."
Roti (रोटी),Prepared Food,120,3.5,25,0.4,Sweet (मधुर),Cooling (शीत),Heavy (गुरु),Sweet (मधुर),Balances V. Increases K.,Daily staple flatbread.
Naan (नान),Prepared Food,262,9,50,4,Sweet (मधुर),Heating (उष्ण),Heavy (गुरु),Sweet (मधुर),"Increases K, P.","Leavened bread, heavy."
Khichdi (खिचड़ी),Prepared Food,150,4,28,2,Sweet (मधुर),Cooling (शीत),Light (लघु),Sweet (मधुर),"Balances V, P. Increases K.","Light, easily digestible meal."
Dalia (दलिया),Grain Product,120,4,27,0.5,Sweet (मधुर),Cooling (शीत),Light (लघु),Sweet (मधुर),"Balances V, P. Increases K.",Wholesome porridge.
Oats (जई),Grain,389,17,66,7,Sweet (मधुर),Cooling (शीत),Heavy (गुरु),Sweet (मधुर),Balances V. Increases K.,Good for cholesterol management.
Oats Porridge (ओट्स दलिया),Prepared Food,150,5,27,3,Sweet (मधुर),Cooling (शीत),Light (लघु),Sweet (मधुर),"Balances V, P. Increases K.",Healthy breakfast option.
Millets (बाजरा वर्ग),Grain,378,11,72,4,"Sweet, Astringent (मधुर, कषाय)",Heating (उष्ण),Light (लघु),Sweet (मधुर),"Balances V, P. Increases K.","Ancient grains, highly nutritious."
Pearl Millet (बाजरा),Millet,378,11,73,4.2,"Sweet, Astringent (मधुर, कषाय)",Heating (उष्ण),Heavy (गुरु),Sweet (मधुर),"Balances V, P. Increases K.","Warming grain, good for winters."
Finger Millet (रागी/मंडुआ),Millet,336,7,72,1.5,Sweet (मधुर),Cooling (शीत),Heavy (गुरु),Sweet (मधुर),"Balances P, V. Increases K.","Rich in calcium, good for bones."
Foxtail Millet (कंगनी),Millet,351,12,65,4,Sweet (मधुर),Heating (उष्ण),Light (लघु),Sweet (मधुर),Balances V. Increases K.,Helps regulate blood sugar.
Kodo Millet (कोदो),Millet,353,9,66,3.6,Sweet (मधुर),Cooling (शीत),Light (लघु),Sweet (मधुर),"Balances P. Increases V, K.",Detoxifying grain.
Barnyard Millet (सावा/सांवा),Millet,300,11,55,3,Sweet (मधुर),Cooling (शीत),Light (लघु),Sweet (मधुर),Balances P. Increases V.,Good fasting grain.
Little Millet (कुटकी),Millet,207,7,41,4.7,Sweet (मधुर),Cooling (शीत),Light (लघु),Sweet (मधुर),"Balances P. Increases V, K.",Light and easy to digest.
Proso Millet (चीनक),Millet,356,12,70,1.1,Sweet (मधुर),Heating (उष्ण),Light (लघु),Sweet (मधुर),Balances V. Increases K.,"Nutritious grain, gluten-free."
Sorghum (ज्वार),Millet/Grain,329,11,72,3.3,Sweet (मधुर),Cooling (शीत),Heavy (गुरु),Sweet (मधुर),"Balances P, V. Increases K.",High in antioxidants.
Corn (मक्का),Grain,86,3.2,19,1.2,Sweet (मधुर),Heating (उष्ण),Heavy (गुरु),Sweet (मधुर),Balances V. Increases K.,Versatile cereal grain.
Cornmeal (मक्के का आटा),Grain Product,370,8,76,4.7,Sweet (मधुर),Heating (उष्ण),Heavy (गुरु),Sweet (मधुर),Increases K.,Used in rotis and porridge.
Popcorn (पॉपकॉर्न),Snack (Grain),375,12,74,4,Sweet (मधुर),Heating (उष्ण),Light (लघु),Sweet (मधुर),Balances V. Increases K.,Light snack from corn.
Rice Flour (चावल का आटा),Grain Product,366,6,80,1,Sweet (मधुर),Cooling (शीत),Light (लघु),Sweet (मधुर),"Balances P, V. Increases K.","Used in sweets, dosa."
Buckwheat (कूटू),Pseudo Grain,343,13,71,3.4,"Sweet, Astringent (मधुर, कषाय)",Heating (उष्ण),Light (लघु),Pungent (कटु),"Balances V. Increases P, K.","Fasting grain, gluten-free."
Amaranth (राजगिरा),Pseudo Grain,371,13,65,7,Sweet (मधुर),Heating (उष्ण),Light (लघु),Sweet (मधुर),"Balances V. Increases P, K.","Rich in calcium, fasting food."
Quinoa (क्विनोआ),Pseudo Grain,368,14,64,6,Sweet (मधुर),Heating (उष्ण),Light (लघु),Sweet (मधुर),"Balances V. Increases P, K.",Protein-rich modern grain.
Chia Seeds (चिया बीज),Seed,486,17,42,31,Sweet (मधुर),Cooling (शीत),Heavy (गुरु),Sweet (मधुर),"Balances P, V. Increases K.","Rich in omega-3, fiber."
Flax Seeds (अलसी),Seed,534,18,29,42,"Bitter, Sweet (तिक्त, मधुर)",Heating (उष्ण),Heavy (गुरु),Pungent (कटु),"Balances V. Increases P, K.","Rich in omega-3, warming."
Sesame Seeds (तिल),Seed,573,18,23,50,"Sweet, Bitter (मधुर, तिक्त)",Heating (उष्ण),Heavy (गुरु),Sweet (मधुर),"Balances V. Increases P, K.","Strengthening, improves skin."
Pumpkin Seeds (कद्दू के बीज),Seed,559,30,11,49,Sweet (मधुर),Heating (उष्ण),Heavy (गुरु),Sweet (मधुर),Balances V. Increases K.,"Good for prostate, rich in zinc."
Watermelon Seeds (तरबूज के बीज),Seed,557,28,15,47,Sweet (मधुर),Heating (उष्ण),Heavy (गुरु),Sweet (मधुर),Balances V. Increases K.,"Nutritious snack, rich in protein."
Cucumber Seeds (खीरे के बीज),Seed,500,20,15,40,Sweet (मधुर),Cooling (शीत),Light (लघु),Sweet (मधुर),"Balances P. Increases V, K.","Used in sweets, cooling."
Poppy Seeds (खसखस),Seed,525,18,28,42,Sweet (मधुर),Cooling (शीत),Heavy (गुरु),Sweet (मधुर),"Balances P. Increases V, K.","Calming, promotes sleep."
Hemp Seeds (भांग बीज),Seed,553,32,9,49,Sweet (मधुर),Heating (उष्ण),Heavy (गुरु),Pungent (कटु),"Balances V. Increases P, K.","Rich in protein, omega oils."
Mustard Seeds (सरसों के बीज),Seed/Spice,508,26,28,36,Pungent (कटु),Heating (उष्ण),Light (लघु),Pungent (कटु),"Balances K. Increases P, V.","Stimulant, used in tadka."
Coriander Seeds (धनिया बीज),Spice,298,12,55,1,"Bitter, Sweet (तिक्त, मधुर)",Cooling (शीत),Light (लघु),Sweet (मधुर),Balances P. May increase V.,"Digestive, cooling."
Cumin Seeds (जीरा),Spice,375,18,44,22,"Pungent, Bitter (कटु, तिक्त)",Heating (उष्ण),Light (लघु),Pungent (कटु),"Balances V, K. Increases P.","Enhances digestion, carminative."
Fennel Seeds (सौंफ),Spice,345,16,52,15,Sweet (मधुर),Cooling (शीत),Light (लघु),Sweet (मधुर),"Balances P, V. May increase K.","Digestive, sweet spice."
Fenugreek Seeds (मेथी दाना),Spice,323,23,58,6,Bitter (तिक्त),Heating (उष्ण),Light (लघु),Bitter (तिक्त),"Balances K. Increases V, P.","Good for diabetes, digestion."
Ajwain Seeds (अजवाइन),Spice,305,16,43,25,Pungent (कटु),Heating (उष्ण),Light (लघु),Pungent (कटु),"Balances K. Increases P, V.","Relieves indigestion, bloating."
Cardamom (इलायची),Spice,311,11,68,6.7,"Sweet, Pungent (मधुर, कटु)",Cooling (शीत),Light (लघु),Sweet (मधुर),"Balances V, K. Increases P.","Aromatic, digestive."
Cloves (लौंग),Spice,274,6,65,13,Pungent (कटु),Heating (उष्ण),Light (लघु),Pungent (कटु),"Balances K. Increases V, P.","Strong spice, antiseptic."
Cinnamon (दालचीनी),Spice,247,4,81,1.2,"Sweet, Pungent (मधुर, कटु)",Heating (उष्ण),Light (लघु),Pungent (कटु),"Balances K. Increases V, P.",Improves circulation.
Black Pepper (काली मिर्च),Spice,255,10,64,3.3,Pungent (कटु),Heating (उष्ण),Light (लघु),Pungent (कटु),"Balances K. Increases P, V.","Stimulant, improves digestion."
Long Pepper (पिप्पली),Spice,274,6,67,3,Pungent (कटु),Heating (उष्ण),Light (लघु),Pungent (कटु),"Balances K. Increases V, P.","Rejuvenative, respiratory herb."
Nutmeg (जायफल),Spice,525,6,49,36,"Sweet, Pungent (मधुर, कटु)",Heating (उष्ण),Heavy (गुरु),Pungent (कटु),"Increases P, K.","Used in sweets, sedative."
Mace (जावित्री),Spice,475,7,50,32,"Sweet, Pungent (मधुर, कटु)",Heating (उष्ण),Light (लघु),Pungent (कटु),"Increases P, K.",Fragrant spice from nutmeg.
Turmeric (हल्दी),Spice,354,8,65,10,"Bitter, Pungent (तिक्त, कटु)",Heating (उष्ण),Light (लघु),Pungent (कटु),"Balances K. Increases V, P.","Anti-inflammatory, healing."
Ginger (सोंठ/अदरक सूखा),Spice,335,9,71,4,Pungent (कटु),Heating (उष्ण),Light (लघु),Pungent (कटु),"Balances K. Increases V, P.","Improves digestion, stimulant."
Dry Mango Powder (अमचूर),Spice,360,2,90,0.5,Sour (अम्ल),Cooling (शीत),Light (लघु),Sour (अम्ल),"Balances V, K. Increases P.","Tangy spice, vitamin C rich."
Asafoetida (हींग),Spice,297,4,67,1,"Pungent, Bitter (कटु, तिक्त)",Heating (उष्ण),Light (लघु),Pungent (कटु),"Balances V, K. Increases P.","Carminative, strong digestive."
Saffron (केसर),Spice,310,11,65,6,"Sweet, Bitter (मधुर, तिक्त)",Heating (उष्ण),Light (लघु),Sweet (मधुर),"Balances V, K. Increases P.","Rejuvenative, enhances complexion."
Pearl Millet (बाजरा),Grains,378,11.6,67,4.2,Sweet (मधुर),Heating (उष्ण),"Heavy, Dry (गुरु, रूक्ष)",Sweet (मधुर),"Balances V, K. Increases P.","Rich in iron and fiber, warming in nature."
Finger Millet (रागी/नाचनी),Grains,336,7.6,72,1.5,Sweet (मधुर),Cooling (शीत),"Light, Dry (लघु, रूक्ष)",Sweet (मधुर),"Balances P, K. Can increase V.","Excellent calcium source, easy to digest."
Foxtail Millet (कंगनी),Grains,351,12.3,63,4.3,"Sweet, Astringent (मधुर, कषाय)",Cooling (शीत),"Light, Dry (लघु, रूक्ष)",Sweet (मधुर),"Balances P, K. Increases V.","Supports heart health, diabetic-friendly."
Kodo Millet (कोदो),Grains,353,8.3,66.6,3.6,Sweet (मधुर),Cooling (शीत),Light (लघु),Sweet (मधुर),"Balances K, P. Can increase V.",Good for digestion and weight management.
Barnyard Millet (सांवा),Grains,342,11.2,65,3.9,Sweet (मधुर),Cooling (शीत),"Light, Dry (लघु, रूक्ष)",Sweet (मधुर),"Balances K, P. May increase V.","Easily digestible, ideal during fasting."
Little Millet (कुटकी),Grains,341,9.7,67,4.7,Sweet (मधुर),Cooling (शीत),"Light, Dry (लघु, रूक्ष)",Sweet (मधुर),"Balances K, P. Increases V.","Rich in minerals, regulates blood sugar."
Proso Millet (चिना),Grains,356,12.5,70,1.5,Sweet (मधुर),Cooling (शीत),"Light, Dry (लघु, रूक्ष)",Sweet (मधुर),"Balances K, P. Can increase V.",Good for cholesterol management.
Sorghum (ज्वार),Grains,329,10.4,72,1.9,Sweet (मधुर),Cooling (शीत),"Light, Dry (लघु, रूक्ष)",Sweet (मधुर),"Balances P, K. Increases V.","Helps in weight control, gluten-free."
Red Rice (लाल चावल),Grains,360,7.5,76,2.8,Sweet (मधुर),Cooling (शीत),Light (लघु),Sweet (मधुर),"Balances P, K. Can increase V.",Rich in antioxidants and iron.
Black Rice (काला चावल),Grains,356,8.5,75,2.5,Sweet (मधुर),Cooling (शीत),Light (लघु),Sweet (मधुर),"Balances P, K. Can increase V.","Known as ‘forbidden rice’, antioxidant-rich."
Job’s Tears (सावा/कोइक्स बीज),Grains,356,12.8,70,1.8,Sweet (मधुर),Cooling (शीत),"Light, Dry (लघु, रूक्ष)",Sweet (मधुर),"Balances K, P. May increase V.",Supports kidney and spleen health.
Flattened Rice (पोहा),Grains,350,6.7,77,1.1,Sweet (मधुर),Cooling (शीत),Light (लघु),Sweet (मधुर),"Balances P, K. Increases V.","Light breakfast, easy to digest."
Puffed Rice (मुरमुरा),Grains,402,6.7,90,0.6,Sweet (मधुर),Cooling (शीत),Light (लघु),Sweet (मधुर),"Balances K, P. Can increase V.","Very light, commonly eaten as snack."
Broken Wheat (दलिया),Grains,342,12.3,71,1.6,Sweet (मधुर),Heating (उष्ण),Heavy (गुरु),Sweet (मधुर),"Balances V. Can increase K, P.","Strengthening, good for breakfast."
Semolina (सूजी),Grains,360,12,72,1.2,Sweet (मधुर),Heating (उष्ण),Heavy (गुरु),Sweet (मधुर),"Balances V. Increases P, K.","Used in upma, halwa; energizing."
Turnip (शलगम),Vegetables,28,0.9,6.4,0.1,"Sweet, Pungent (मधुर, कटु)",Cooling (शीत),Light (लघु),Sweet (मधुर),"Balances P, K. Increases V.",Good for liver and digestion.
Radish (मूली),Vegetables,16,0.7,3.4,0.1,Pungent (कटु),Heating (उष्ण),"Light, Sharp (लघु, तीक्ष्ण)",Pungent (कटु),"Balances K. Increases V, P.",Excellent for detoxification.
Beetroot (चुकंदर),Vegetables,43,1.6,10,0.2,Sweet (मधुर),Cooling (शीत),"Heavy, Moist (गुरु, स्निग्ध)",Sweet (मधुर),"Balances V, P. Can increase K.","Blood purifier, improves stamina."
Lotus Stem (कमल ककड़ी),Vegetables,74,2.6,17.2,0.1,Sweet (मधुर),Cooling (शीत),Light (लघु),Sweet (मधुर),"Balances P, K. Can increase V.",Improves digestion and fertility.
Taro Root (अरबी),Vegetables,142,2.1,34.6,0.1,Sweet (मधुर),Heating (उष्ण),Heavy (गुरु),Sweet (मधुर),"Balances V. Increases K, P.","Rich in starch, filling."
Elephant Foot Yam (जिमीकंद),Vegetables,118,1.5,27,0.2,Pungent (कटु),Heating (उष्ण),"Heavy, Sharp (गुरु, तीक्ष्ण)",Pungent (कटु),"Balances V, K. Increases P.",Beneficial for piles and digestion.
Colocasia Leaves (पत्ते अरबी),Leafy Greens,42,2.5,7,0.8,"Astringent, Sour (कषाय, अम्ल)",Heating (उष्ण),"Light, Dry (लघु, रूक्ष)",Sour (अम्ल),"Balances V, K. Increases P.","Rich in calcium, must be cooked well."
Sweet Potato Leaves (शकरकंद पत्ते),Leafy Greens,38,3.2,7,0.6,Sweet (मधुर),Cooling (शीत),Light (लघु),Sweet (मधुर),"Balances P, K. Can increase V.",Nutritious and good for eyes.
Pumpkin Leaves (कद्दू पत्ते),Leafy Greens,26,3,4,0.4,"Astringent, Sweet (कषाय, मधुर)",Cooling (शीत),Light (लघु),Sweet (मधुर),"Balances P, K. Can increase V.",Cleansing and cooling.
Banana Stem (केला थंभ),Vegetables,27,0.6,6,0.3,Astringent (कषाय),Cooling (शीत),"Light, Dry (लघु, रूक्ष)",Pungent (कटु),"Excellent for P, K. Can increase V.",Cleanses urinary system.
Banana Flower (केला फूल),Vegetables,31,1.6,7,0.6,"Astringent, Bitter (कषाय, तिक्त)",Cooling (शीत),Light (लघु),Pungent (कटु),"Balances P, K. Can increase V.",Excellent for female health.
Bamboo Shoots (बांस कोपल),Vegetables,27,2.6,5,0.3,"Bitter, Astringent (तिक्त, कषाय)",Cooling (शीत),Light (लघु),Pungent (कटु),"Balances P, K. Can increase V.","Anti-inflammatory, seasonal."
Jackfruit (कटहल - कच्चा),Vegetables,95,1.7,23,0.6,Sweet (मधुर),Cooling (शीत),Heavy (गुरु),Sweet (मधुर),"Balances V. Increases K, P.","Used as a vegetable, fibrous."
Jackfruit Seeds (कटहल बीज),Seeds,184,7,38,0.6,Sweet (मधुर),Cooling (शीत),Heavy (गुरु),Sweet (मधुर),"Balances V. Increases K, P.","Nutritious, roasted or boiled."
Raw Mango (कच्चा आम),Fruits,60,0.5,15,0.1,Sour (अम्ल),Heating (उष्ण),Light (लघु),Sour (अम्ल),"Balances K. Increases P, V.","Aids digestion, cooling chutneys."
Indian Gooseberry (आंवला),Fruits,44,0.9,10.2,0.6,"Sour, Astringent (अम्ल, कषाय)",Cooling (शीत),Light (लघु),Sweet (मधुर),Balances all doshas (Tridoshic).,Richest source of Vitamin C.
Tamarind Pulp (इमली गूदा),Fruits,239,2.8,62,0.6,Sour (अम्ल),Heating (उष्ण),Heavy (गुरु),Sour (अम्ल),"Balances V, K. Increases P.","Digestive, used in chutneys."
Bael Fruit (बेल),Fruits,137,1.8,31,0.3,"Sweet, Astringent (मधुर, कषाय)",Cooling (शीत),Heavy (गुरु),Sweet (मधुर),"Balances P, K. Can increase V.","Improves digestion, sacred fruit."
Jamun (जामुन),Fruits,60,0.7,14,0.2,Astringent (कषाय),Cooling (शीत),Light (लघु),Pungent (कटु),"Balances P, K. Can increase V.",Good for diabetes and digestion.
Wood Apple (कैथ),Fruits,140,7.1,31,3.7,"Sweet, Astringent (मधुर, कषाय)",Cooling (शीत),Heavy (गुरु),Sweet (मधुर),"Balances P, K. Can increase V.",Excellent for gut health.
Custard Apple (सीताफल),Fruits,94,2.1,23.6,0.3,Sweet (मधुर),Cooling (शीत),"Heavy, Oily (गुरु, स्निग्ध)",Sweet (मधुर),"Balances V. Increases K, P.","Nutritious, cooling fruit."
Guava (अमरूद),Fruits,68,2.6,14,0.9,"Sweet, Astringent (मधुर, कषाय)",Cooling (शीत),Light (लघु),Sweet (मधुर),"Balances P, K. Can increase V.",High in Vitamin C and fiber.
Papaya (पपीता),Fruits,43,0.5,11,0.3,Sweet (मधुर),Cooling (शीत),Light (लघु),Sweet (मधुर),"Balances V, P. Can increase K.","Improves digestion, enzyme-rich."
Sapodilla (चीकू),Fruits,83,0.4,20,1.1,Sweet (मधुर),Heating (उष्ण),Heavy (गुरु),Sweet (मधुर),"Balances V. Increases P, K.","Strength-giving, good for anemia."
Starfruit (कमरख),Fruits,31,1,7,0.3,"Sour, Astringent (अम्ल, कषाय)",Cooling (शीत),Light (लघु),Sour (अम्ल),"Balances P, K. Can increase V.","Rich in Vitamin C, kidney-friendly."
Mulberry (शहतूत),Fruits,43,1.4,10,0.4,Sweet (मधुर),Cooling (शीत),Light (लघु),Sweet (मधुर),"Balances P, V. Can increase K.",Good for blood health.
Ber (Indian Jujube - बेर),Fruits,79,1.2,20,0.2,Sweet (मधुर),Cooling (शीत),Light (लघु),Sweet (मधुर),"Balances P, V. Can increase K.",Rich in Vitamin C.
Falsa (फालसा),Fruits,41,1.3,10,0.3,"Sour, Sweet (अम्ल, मधुर)",Cooling (शीत),Light (लघु),Sour (अम्ल),"Balances P. Can increase V, K.",Cooling summer fruit.
Loquat (लोकाट),Fruits,47,0.4,12,0.2,"Sweet, Sour (मधुर, अम्ल)",Cooling (शीत),Light (लघु),Sweet (मधुर),"Balances P, K. Can increase V.","Seasonal fruit, soothing."
Rose Apple (जामरूल),Fruits,25,0.6,6,0.3,Sweet (मधुर),Cooling (शीत),Light (लघु),Sweet (मधुर),"Balances P. Can increase V, K.","Hydrating, good for digestion."
Black Plum Seed (जामुन बीज),Seeds,360,7.1,82,1.2,Astringent (कषाय),Cooling (शीत),"Dry, Light (रूक्ष, लघु)",Pungent (कटु),"Balances P, K. Increases V.",Powder used for diabetes.
Water Chestnut (सिंघाड़ा),Fruits,97,1.4,23.9,0.1,Sweet (मधुर),Cooling (शीत),Heavy (गुरु),Sweet (मधुर),"Balances P, V. Increases K.",Good for urinary health.
Fig (अंजीर),Fruits,74,0.8,19,0.3,Sweet (मधुर),Cooling (शीत),Heavy (गुरु),Sweet (मधुर),"Balances V, P. Increases K.","Rich in fiber, relieves constipation."
Dates (खजूर),Fruits,282,2.5,75,0.4,Sweet (मधुर),Heating (उष्ण),Heavy (गुरु),Sweet (मधुर),"Balances V. Increases P, K.","Energy booster, strengthening."
Raisins (किशमिश),Fruits,299,3.1,79,0.5,Sweet (मधुर),Cooling (शीत),Heavy (गुरु),Sweet (मधुर),"Balances V. Increases P, K.","Good for anemia, nourishing."
Apricot (खुबानी),Fruits,48,1.4,11,0.4,Sweet (मधुर),Cooling (शीत),Light (लघु),Sweet (मधुर),"Balances P. Can increase V, K.",Rich in Vitamin A.
Peach (आड़ू),Fruits,39,0.9,10,0.2,Sweet (मधुर),Cooling (शीत),Light (लघु),Sweet (मधुर),"Balances P, V. Increases K.",Digestive and hydrating.
Plum (आलूबुखारा),Fruits,46,0.7,11.4,0.3,"Sour, Sweet (अम्ल, मधुर)",Cooling (शीत),Light (लघु),Sour (अम्ल),"Balances P. Increases V, K.","Laxative, improves appetite."
Persimmon (तेंदू/जापानी फल),Fruits,70,0.6,19,0.2,"Sweet, Astringent (मधुर, कषाय)",Cooling (शीत),Heavy (गुरु),Sweet (मधुर),"Balances P. Increases V, K.",Rich in antioxidants.
Lychee (लीची),Fruits,66,0.8,17,0.4,Sweet (मधुर),Cooling (शीत),Light (लघु),Sweet (मधुर),"Balances P. Increases V, K.",Refreshing summer fruit.
Longan (लुगन),Fruits,60,1.3,15,0.1,Sweet (मधुर),Cooling (शीत),Light (लघु),Sweet (मधुर),"Balances P, V. Increases K.",Used in Ayurveda for vitality.
Rambutan (रामबूटन),Fruits,68,0.9,16,0.2,Sweet (मधुर),Cooling (शीत),Light (लघु),Sweet (मधुर),"Balances P. Increases V, K.","Exotic fruit, hydrating."
Mangosteen (मंगोस्तीन),Fruits,73,0.4,18,0.6,"Sweet, Sour (मधुर, अम्ल)",Cooling (शीत),Light (लघु),Sweet (मधुर),"Balances P, K. Can increase V.","Known as ‘queen of fruits’, antioxidant-rich."
Passion Fruit (कृष्णा फल),Fruits,97,2.2,23,0.4,"Sweet, Sour (मधुर, अम्ल)",Cooling (शीत),Light (लघु),Sweet (मधुर),"Balances P. Increases V, K.",Rich in Vitamin C.
Dragon Fruit (पिताया),Fruits,60,1.2,13,0.4,Sweet (मधुर),Cooling (शीत),Light (लघु),Sweet (मधुर),"Balances P. Increases V, K.","Boosts immunity, cooling."
Kiwi (कीवी),Fruits,61,1.1,15,0.5,"Sour, Sweet (अम्ल, मधुर)",Cooling (शीत),Light (लघु),Sour (अम्ल),"Balances P. Can increase V, K.",Excellent Vitamin C source.
Avocado (एवोकाडो),Fruits,160,2,9,15,Sweet (मधुर),Cooling (शीत),"Heavy, Oily (गुरु, स्निग्ध)",Sweet (मधुर),"Balances V, P. Increases K.",Rich in healthy fats.
Olives (जैतून),Fruits,115,0.8,6,10.7,"Salty, Astringent (लवण, कषाय)",Heating (उष्ण),"Light, Oily (लघु, स्निग्ध)",Pungent (कटु),"Balances V. Increases P, K.",Used as food and oil source.
Currants (करेन्दा/करौंदा),Fruits,56,1.4,14,0.2,"Sour, Astringent (अम्ल, कषाय)",Cooling (शीत),Light (लघु),Sour (अम्ल),"Balances P. Can increase V, K.","Antioxidant-rich, tangy taste."
Elderberry (एल्डरबेरी),Fruits,73,0.7,18,0.5,"Astringent, Sweet (कषाय, मधुर)",Cooling (शीत),Light (लघु),Sweet (मधुर),"Balances P. Increases V, K.",Immune boosting berry.
Goji Berry (गोजी बेरी),Fruits,349,14,77,0.4,Sweet (मधुर),Heating (उष्ण),Light (लघु),Sweet (मधुर),"Balances V, P. Increases K.",Strength-giving tonic.
Sea Buckthorn (सी बकथॉर्न),Fruits,82,1.2,21,0.9,Sour (अम्ल),Heating (उष्ण),Light (लघु),Sour (अम्ल),"Balances K. Increases V, P.",Vitamin C powerhouse.
Cranberry (क्रैनबेरी),Fruits,46,0.4,12,0.1,Sour (अम्ल),Cooling (शीत),Light (लघु),Sour (अम्ल),"Balances P. Increases V, K.",Supports urinary tract health.
Blueberry (ब्लूबेरी),Fruits,57,0.7,14,0.3,"Sweet, Astringent (मधुर, कषाय)",Cooling (शीत),Light (लघु),Sweet (मधुर),"Balances P, V. Increases K.",Rich in antioxidants.
Blackberry (ब्लैकबेरी),Fruits,43,1.4,10,0.5,"Sweet, Astringent (मधुर, कषाय)",Cooling (शीत),Light (लघु),Sweet (मधुर),"Balances P, V. Increases K.",High in fiber and vitamins.
Raspberry (रास्पबेरी),Fruits,52,1.2,12,0.7,"Sweet, Astringent (मधुर, कषाय)",Cooling (शीत),Light (लघु),Sweet (मधुर),"Balances P, V. Increases K.",Good for blood purification.
Strawberry (स्ट्रॉबेरी),Fruits,32,0.7,7.7,0.3,"Sweet, Sour (मधुर, अम्ल)",Cooling (शीत),Light (लघु),Sweet (मधुर),"Balances P. Can increase V, K.",Rich in antioxidants.
Cherry (चेरी),Fruits,50,1,12,0.3,"Sweet, Sour (मधुर, अम्ल)",Heating (उष्ण),Light (लघु),Sweet (मधुर),"Balances V, P. Increases K.",Helps in reducing inflammation.
Pomegranate (अनार),Fruits,83,1.7,19,1.2,"Sweet, Astringent (मधुर, कषाय)",Cooling (शीत),Light (लघु),Sweet (मधुर),"Tridoshic, balances all doshas.",Excellent for heart health.
Grapes (अंगूर),Fruits,69,0.7,18,0.2,Sweet (मधुर),Cooling (शीत),"Heavy, Moist (गुरु, स्निग्ध)",Sweet (मधुर),"Balances V, P. Increases K.",Rich in antioxidants and hydrating.
Muskmelon (खरबूजा),Fruits,34,0.8,8.2,0.2,Sweet (मधुर),Cooling (शीत),Light (लघु),Sweet (मधुर),"Balances P. Can increase V, K.",Hydrating summer fruit.
Watermelon (तरबूज),Fruits,30,0.6,8,0.2,Sweet (मधुर),Cooling (शीत),Light (लघु),Sweet (मधुर),"Balances P. Can increase V, K.","Very cooling, hydrating."
Pineapple (अनानास),Fruits,50,0.5,13,0.1,"Sour, Sweet (अम्ल, मधुर)",Heating (उष्ण),Light (लघु),Sour (अम्ल),"Balances K. Increases P, V.",Good digestive fruit.
Banana (केला),Fruits,89,1.1,23,0.3,Sweet (मधुर),Cooling (शीत),"Heavy, Moist (गुरु, स्निग्ध)",Sweet (मधुर),"Balances V, P. Increases K.","Strength-giving, nourishing."
Green Banana (कच्चा केला),Vegetables,122,1.3,32,0.3,"Sweet, Astringent (मधुर, कषाय)",Heating (उष्ण),Heavy (गुरु),Sweet (मधुर),"Balances V. Increases K, P.","Used in curries, good fiber."
Apple (सेब),Fruits,52,0.3,14,0.2,"Sweet, Astringent (मधुर, कषाय)",Cooling (शीत),Light (लघु),Sweet (मधुर),"Balances P. Increases V, K.",Keeps digestion healthy.
Pear (नाशपाती),Fruits,57,0.4,15,0.1,"Sweet, Astringent (मधुर, कषाय)",Cooling (शीत),Light (लघु),Sweet (मधुर),"Balances P, V. Increases K.",Hydrating and cooling.
Orange (संतरा),Fruits,47,0.9,12,0.1,"Sour, Sweet (अम्ल, मधुर)",Cooling (शीत),Light (लघु),Sour (अम्ल),"Balances P, K. Can increase V.",Rich in Vitamin C.
Lemon (नींबू),Fruits,29,1.1,9,0.3,Sour (अम्ल),Cooling (शीत),Light (लघु),Sour (अम्ल),"Balances K. Increases V, P.",Excellent detoxifier.
Sweet Lime (मौसंबी),Fruits,43,0.8,11,0.2,"Sour, Sweet (अम्ल, मधुर)",Cooling (शीत),Light (लघु),Sour (अम्ल),"Balances P. Can increase V, K.",Refreshing and hydrating.
Grapefruit (चकोतरा),Fruits,42,0.8,11,0.1,"Sour, Sweet (अम्ल, मधुर)",Cooling (शीत),Light (लघु),Sour (अम्ल),"Balances P. Can increase V, K.",Boosts immunity and digestion.
Tangerine (किंनू),Fruits,53,0.8,13,0.3,"Sour, Sweet (अम्ल, मधुर)",Cooling (शीत),Light (लघु),Sour (अम्ल),"Balances P, K. Can increase V.","Rich in Vitamin C, seasonal."
Clementine (क्लेमेंटाइन),Fruits,47,0.9,12,0.2,"Sour, Sweet (अम्ल, मधुर)",Cooling (शीत),Light (लघु),Sour (अम्ल),"Balances P. Can increase V, K.","Small citrus, cooling."
Mandarin (मैंडरिन),Fruits,53,0.8,13,0.3,"Sour, Sweet (अम्ल, मधुर)",Cooling (शीत),Light (लघु),Sour (अम्ल),"Balances P, K. Can increase V.","Juicy, immunity booster."
Pomelo (चकोतरा बड़ा),Fruits,38,0.8,10,0.04,"Sour, Sweet (अम्ल, मधुर)",Cooling (शीत),Light (लघु),Sour (अम्ल),"Balances P. Can increase V, K.","Large citrus fruit, cooling."
Cluster Beans (गवार फली),Vegetable,16,3.2,10.8,1.4,Bitter (तिक्त),Cooling (शीत),"Light, Dry (लघु, रूक्ष)",Pungent (कटु),"Balances P, K. Can increase V.","Good for digestion, reduces cholesterol."
Ridge Gourd (तोरी),Vegetable,20,1,3.5,0.2,Sweet (मधुर),Cooling (शीत),Light (लघु),Sweet (मधुर),"Balances P, K. May increase V.","Mild laxative, cooling effect on body."
Sponge Gourd (घीया तोरी),Vegetable,17,0.6,4.3,0.2,Sweet (मधुर),Cooling (शीत),"Light, Soft (लघु, मृदु)",Sweet (मधुर),"Balances P, K. Slightly increases V.",Helps in detoxification.
Bitter Gourd Leaves (करैला पत्ता),Leafy Greens,35,3.5,5,0.2,Bitter (तिक्त),Cooling (शीत),"Light, Dry (लघु, रूक्ष)",Pungent (कटु),"Excellent for P, K. Increases V.","Blood purifier, controls blood sugar."
Pointed Gourd (परवल),Vegetable,20,2,3.4,0.3,Astringent (कषाय),Cooling (शीत),"Light, Dry (लघु, रूक्ष)",Sweet (मधुर),"Balances P, K. May increase V.","Good for digestion, seasonal vegetable."
Snake Gourd (चिचिंडा),Vegetable,18,1,3.2,0.2,Bitter (तिक्त),Cooling (शीत),Light (लघु),Sweet (मधुर),"Balances P, K. Can increase V.",Good for fever and cough relief.
Yam (जिमीकंद),Root,118,1.5,27.5,0.2,"Pungent, Astringent (कटु, कषाय)",Heating (उष्ण),"Heavy, Oily (गुरु, स्निग्ध)",Pungent (कटु),"Balances V, K. Increases P.","Improves digestion, strength-giving."
Taro Root (अरबी),Root,142,2,34,0.1,Sweet (मधुर),Heating (उष्ण),Heavy (गुरु),Sweet (मधुर),"Balances V. Increases K, P.","Good source of energy, slightly heavy to digest."
Elephant Foot Yam (सुरन),Root,120,2,27,0.3,Pungent (कटु),Heating (उष्ण),Heavy (गुरु),Pungent (कटु),"Balances V, K. Increases P.","Stimulates digestion, controls cholesterol."
Sweet Potato Leaves (शकरकंद पत्ते),Leafy Greens,45,4.2,8,0.3,"Sweet, Astringent (मधुर, कषाय)",Cooling (शीत),Light (लघु),Sweet (मधुर),"Balances P, K. Slightly increases V.",Rich in antioxidants.
Tindora (कुंदरू),Vegetable,18,1.2,3.4,0.2,Astringent (कषाय),Cooling (शीत),"Light, Dry (लघु, रूक्ष)",Pungent (कटु),"Balances P, K. May increase V.",Supports blood sugar control.
Kohlrabi (गांठ गोभी),Vegetable,27,2,6,0.1,"Sweet, Pungent (मधुर, कटु)",Cooling (शीत),"Light, Crisp (लघु, खरा)",Sweet (मधुर),Balances P. Increases V slightly.,Good for digestion and immunity.
Colocasia Leaves (अरबी पत्ता/पातोड़),Leafy Greens,42,3,6.5,0.5,Astringent (कषाय),Heating (उष्ण),Heavy (गुरु),Pungent (कटु),"Balances V. Increases K, P.","Used in patra rolls, rich in iron."
Lotus Stem (कमल ककड़ी),Vegetable,74,4.1,17.2,0.1,Sweet (मधुर),Cooling (शीत),"Light, Crunchy (लघु, खरा)",Sweet (मधुर),"Balances P, K. May increase V.",Improves digestion and nourishes tissues.
Lotus Seeds (मखाना),Seed,347,9.7,76.9,0.1,Sweet (मधुर),Cooling (शीत),"Light, Dry (लघु, रूक्ष)",Sweet (मधुर),"Balances P, K. Slightly increases V.",Good for insomnia and kidney health.
Water Chestnut (सिंघाड़ा),Fruit/Seed,97,4,23.9,0.1,Sweet (मधुर),Cooling (शीत),"Heavy, Moist (गुरु, स्निग्ध)",Sweet (मधुर),Balances P. Increases K.,Hydrating and cooling.
Raw Banana (कच्चा केला),Vegetable,89,1.1,22.8,0.3,Astringent (कषाय),Heating (उष्ण),Heavy (गुरु),Sweet (मधुर),"Balances V. Increases K, P.",Used in curries and chips.
Pumpkin Flowers (कद्दू फूल),Flower,20,1.2,3.5,0.3,Sweet (मधुर),Cooling (शीत),Light (लघु),Sweet (मधुर),"Balances P, K.",Rich in antioxidants and vitamins.
Banana Stem (केला थोर),Stem,27,0.8,6.2,0.1,Astringent (कषाय),Cooling (शीत),Light (लघु),Pungent (कटु),"Balances P, K. Slightly increases V.",Helps in kidney stones and detoxification.
Papaya Leaves (पपीता पत्ता),Leafy Greens,32,2,5,0.4,Bitter (तिक्त),Heating (उष्ण),"Light, Dry (लघु, रूक्ष)",Pungent (कटु),"Balances K. Increases P, V.",Used for dengue recovery.
Papaya Flowers (पपीता फूल),Flower,40,2.5,7,0.2,Bitter (तिक्त),Heating (उष्ण),"Light, Dry (लघु, रूक्ष)",Pungent (कटु),"Balances K. Increases P, V.",Supports liver health.
Banana Flower (केला फूल),Flower,51,1.6,9.9,0.6,"Astringent, Bitter (कषाय, तिक्त)",Cooling (शीत),"Heavy, Dry (गुरु, रूक्ष)",Pungent (कटु),"Balances P, K. Slightly increases V.","Used in South Indian cuisine, improves female health."
Neem Leaves (नीम पत्ता),Leafy Greens,35,3.2,5.5,0.2,Bitter (तिक्त),Cooling (शीत),"Light, Dry (लघु, रूक्ष)",Pungent (कटु),"Balances P, K. Increases V.",Powerful blood purifier.
Drumstick Flowers (सहजन फूल),Flower,52,3,8.2,0.5,"Bitter, Pungent (तिक्त, कटु)",Heating (उष्ण),Light (लघु),Pungent (कटु),"Balances K, V. Increases P.",Nutritious and enhances immunity.
Curry Leaves (करी पत्ता),Leafy Greens,108,6,18,1,"Bitter, Pungent (तिक्त, कटु)",Heating (उष्ण),Light (लघु),Pungent (कटु),"Balances V, K. Increases P.",Good for digestion and hair health.
Betel Leaf (पान पत्ता),Leaf,44,3.1,6.1,0.4,"Astringent, Pungent (कषाय, कटु)",Heating (उष्ण),"Light, Sharp (लघु, तीक्ष्ण)",Pungent (कटु),"Balances K. Increases V, P.","Improves digestion, freshens breath."
Raw Mango (कच्चा आम),Fruit,60,0.5,15,0.1,Sour (अम्ल),Heating (उष्ण),Light (लघु),Sour (अम्ल),"Balances V. Increases P, K.",Rich in Vitamin C.
Bael Fruit (बेल),Fruit,137,1.8,31,0.3,"Sweet, Astringent (मधुर, कषाय)",Cooling (शीत),Heavy (गुरु),Sweet (मधुर),"Balances V, K. Increases P.","Good for digestion, constipation relief."
Jamun (जामुन),Fruit,60,0.7,15.6,0.2,Astringent (कषाय),Cooling (शीत),Light (लघु),Sweet (मधुर),"Balances P, K. Increases V.","Controls blood sugar, improves digestion."
Phalsa (फालसा),Fruit,71,1.6,16,0.9,"Sour, Sweet (अम्ल, मधुर)",Cooling (शीत),Light (लघु),Sweet (मधुर),"Balances P, K.",Good for summer heat.
Karonda (करोंदा),Fruit,48,1.1,11,0.5,Sour (अम्ल),Heating (उष्ण),"Light, Dry (लघु, रूक्ष)",Sour (अम्ल),"Balances V. Increases P, K.","Used in pickles, vitamin-rich."
Wood Apple (कबैता),Fruit,140,2,30,1,"Astringent, Sweet (कषाय, मधुर)",Cooling (शीत),Heavy (गुरु),Sweet (मधुर),"Balances V, K. Increases P.","Improves digestion, used in chutneys."
Starfruit (कमरख),Fruit,31,1,7,0.3,"Sour, Sweet (अम्ल, मधुर)",Cooling (शीत),Light (लघु),Sweet (मधुर),"Balances P, K.","Good for digestion, cooling effect."
Custard Apple Leaves (सीताफल पत्ता),Leaf,30,2,5,0.3,Bitter (तिक्त),Cooling (शीत),"Light, Dry (लघु, रूक्ष)",Pungent (कटु),Balances P. Increases V.,Medicinal properties for diabetes.
Indian Gooseberry Leaves (आंवला पत्ता),Leaf,40,3,6,0.4,"Sour, Bitter (अम्ल, तिक्त)",Cooling (शीत),Light (लघु),Sour (अम्ल),"Balances P, K.","Supports immunity, good for hair."
Roselle Leaves (गुड़हल पत्ता),Leaf,48,2.5,8.5,0.6,Sour (अम्ल),Cooling (शीत),"Light, Dry (लघु, रूक्ष)",Sour (अम्ल),"Balances P, K. Slightly increases V.","Used in chutneys, rich in iron."
Roselle Flowers (गुड़हल फूल),Flower,60,3,12,0.4,"Sour, Bitter (अम्ल, तिक्त)",Cooling (शीत),Light (लघु),Sour (अम्ल),"Balances P, K.",Good for heart and blood pressure.
Banana Leaf (केला पत्ता),Leaf,10,0.3,2,0.1,Neutral,Cooling (शीत),Light (लघु),Neutral,Balances all doshas.,"Used for serving food, detoxifying."
Arjuna Bark (अर्जुन छाल),Bark,80,2,20,0.5,"Bitter, Astringent (तिक्त, कषाय)",Cooling (शीत),Heavy (गुरु),Pungent (कटु),"Balances P, K.",Supports heart health.
Harsingar Leaves (हरसिंगार पत्ता),Leaf,38,2.5,7,0.3,Bitter (तिक्त),Cooling (शीत),Light (लघु),Pungent (कटु),Balances P. Increases V.,Used in fevers and arthritis.
Giloy Stem (गिलोय),Stem,20,2,3,0.1,Bitter (तिक्त),Heating (उष्ण),Light (लघु),Sweet (मधुर),Balances all doshas (Tridoshic).,Immunity booster.
Triphala Powder (त्रिफला),Herbal Mix,300,2,70,2,"Bitter, Astringent, Sweet (तिक्त, कषाय, मधुर)",Cooling (शीत),Light (लघु),Sweet (मधुर),Balances all doshas.,Detoxifies and rejuvenates.
Shatavari Root (शतावरी),Root,90,1.5,20,0.2,"Sweet, Bitter (मधुर, तिक्त)",Cooling (शीत),"Heavy, Oily (गुरु, स्निग्ध)",Sweet (मधुर),"Balances V, P.",Rejuvenative for women.
Ashwagandha Root (अश्वगंधा),Root,95,2,22,0.3,"Bitter, Astringent (तिक्त, कषाय)",Heating (उष्ण),Heavy (गुरु),Sweet (मधुर),"Balances V, K. Increases P.","Strengthens body, reduces stress."
Barnyard Millet (सांवा),Grain,300,11.2,65.5,3.9,Sweet (मधुर),Cooling (शीत),"Light, Dry (लघु, रूक्ष)",Sweet (मधुर),"Balances P, K. Can increase V.","Gluten-free, good for fasting."
Kodo Millet (कोदो),Grain,353,9.8,66.6,3.6,Sweet (मधुर),Cooling (शीत),"Light, Dry (लघु, रूक्ष)",Sweet (मधुर),"Balances P, K. Increases V.","Good for weight loss, diabetic-friendly."
Little Millet (कुटकी),Grain,329,9.3,67,4.7,Sweet (मधुर),Cooling (शीत),Light (लघु),Sweet (मधुर),"Balances P, K.","Easy to digest, good alternative to rice."
Foxtail Millet (कांगनी),Grain,351,12.3,63.2,3.3,Sweet (मधुर),Heating (उष्ण),"Light, Dry (लघु, रूक्ष)",Sweet (मधुर),"Balances K. Increases V, P.","Boosts energy, diabetic-friendly."
Proso Millet (चेना),Grain,356,12.5,70.4,1.3,Sweet (मधुर),Cooling (शीत),Light (लघु),Sweet (मधुर),"Balances P, K.",Rich in antioxidants.
Finger Millet (रागी/मंडुआ),Grain,336,7.6,72,1.3,Sweet (मधुर),Heating (उष्ण),Heavy (गुरु),Sweet (मधुर),"Balances K. Increases V, P.","High in calcium, strengthens bones."
Buckwheat (कुट्टू),Pseudo-grain,343,13.2,71.5,3.4,Astringent (कषाय),Heating (उष्ण),"Light, Dry (लघु, रूक्ष)",Pungent (कटु),"Balances K. Increases P, V.","Used in fasting, gluten-free."
Amaranth Seeds (राजगीरा),Pseudo-grain,371,13.6,65.2,7,Sweet (मधुर),Cooling (शीत),Light (लघु),Sweet (मधुर),"Balances P, K.","High in protein, rich in calcium."
Pearl Millet (बाजरा),Grain,378,11.6,67,5,Sweet (मधुर),Heating (उष्ण),"Heavy, Dry (गुरु, रूक्ष)",Sweet (मधुर),"Balances V. Increases P, K.","Good in winter, strengthens body."
Sorghum (ज्वार),Grain,329,11,72,3.3,Sweet (मधुर),Cooling (शीत),"Light, Dry (लघु, रूक्ष)",Sweet (मधुर),"Balances P. Increases V, K.","Gluten-free, easy to digest."
Teff (टेफ),Grain,367,13,73,2.4,Sweet (मधुर),Cooling (शीत),Light (लघु),Sweet (मधुर),"Balances P, K.",Rich in iron and calcium.
Wild Rice (जंगली चावल),Grain,357,14.7,75,1.1,Sweet (मधुर),Cooling (शीत),"Light, Dry (लघु, रूक्ष)",Sweet (मधुर),"Balances P, K.",Nutritious rice substitute.
Red Rice (लाल चावल),Grain,360,7.5,76,2,Sweet (मधुर),Cooling (शीत),Light (लघु),Sweet (मधुर),"Balances P, K.","Rich in iron, good for blood health."
Black Rice (काला चावल),Grain,356,8.9,75,3.3,Sweet (मधुर),Cooling (शीत),Heavy (गुरु),Sweet (मधुर),Balances P. Slightly increases K.,"Rich in antioxidants, used in festive foods."
Poha (Flattened Rice - पोहा),Grain Product,350,6.6,76.9,1.1,Sweet (मधुर),Cooling (शीत),Light (लघु),Sweet (मधुर),"Balances P, K. Increases V.","Light breakfast food, easy to digest."
Dalia (Broken Wheat - दलिया),Grain Product,342,12,72,1.5,Sweet (मधुर),Heating (उष्ण),Light (लघु),Sweet (मधुर),"Balances P, K. Slightly increases V.","Good for digestion, energy-giving."
Semolina (सूजी/रवा),Grain Product,360,12,72,1.2,Sweet (मधुर),Heating (उष्ण),Light (लघु),Sweet (मधुर),"Balances P. Increases V, K.","Used in halwa, upma."
Vermicelli (सेवई),Grain Product,370,11,75,1.5,Sweet (मधुर),Heating (उष्ण),Light (लघु),Sweet (मधुर),"Balances P, K.",Common in desserts and breakfast.
Tapioca (साबूदाना),Grain Substitute,358,0.2,88,0.1,Sweet (मधुर),Cooling (शीत),Heavy (गुरु),Sweet (मधुर),"Balances P. Increases K, V.",Common in fasting foods.
Arrowroot Powder (अरारोट),Grain Substitute,357,0.3,88,0.1,Sweet (मधुर),Cooling (शीत),Light (लघु),Sweet (मधुर),"Balances P, K.","Soothes stomach, easy to digest."
Green Gram (मूंग दाल),Pulse,347,24,63,1.2,Sweet (मधुर),Cooling (शीत),Light (लघु),Sweet (मधुर),Balances all doshas.,"Very digestible, nourishing."
Black Gram (उड़द दाल),Pulse,341,25,59.6,1.6,Sweet (मधुर),Heating (उष्ण),Heavy (गुरु),Sweet (मधुर),"Balances V. Increases K, P.","Strength-giving, heavy for digestion."
Masoor Dal (मसूर दाल),Pulse,352,24,60,1.1,Astringent (कषाय),Cooling (शीत),Light (लघु),Pungent (कटु),"Balances P, K. Increases V.","Rich in iron, easy to cook."
Toor Dal (अरहर दाल),Pulse,343,22,62,2.1,Sweet (मधुर),Heating (उष्ण),Light (लघु),Sweet (मधुर),"Balances V, K. Increases P.",Common in sambar and dals.
Chana Dal (चना दाल),Pulse,364,20,63,6,Sweet (मधुर),Heating (उष्ण),Heavy (गुरु),Sweet (मधुर),"Balances V. Increases P, K.","Strength-giving, energy-rich."
Whole Bengal Gram (काला चना),Pulse,360,19,61,6,Sweet (मधुर),Heating (उष्ण),"Heavy, Dry (गुरु, रूक्ष)",Sweet (मधुर),"Balances V. Increases P, K.","Strengthens muscles, heavy for digestion."
Soybean (सोयाबीन),Pulse,446,36.5,30,20,Astringent (कषाय),Heating (उष्ण),Heavy (गुरु),Pungent (कटु),"Balances V. Increases P, K.","Rich protein source, hormone regulator."
Kidney Beans (राजमा),Pulse,333,24,60,1,Sweet (मधुर),Heating (उष्ण),Heavy (गुरु),Sweet (मधुर),"Balances V. Increases P, K.","Popular in North India, protein-rich."
Navy Beans (सफेद राजमा),Pulse,337,22,61,0.8,Sweet (मधुर),Cooling (शीत),Heavy (गुरु),Sweet (मधुर),"Balances V, P.","Mild flavor, nutritious."
Pigeon Pea Leaves (अरहर पत्ता),Leaf,50,4,8,0.4,Bitter (तिक्त),Cooling (शीत),Light (लघु),Pungent (कटु),"Balances K, P. Increases V.","Medicinal, used in traditional remedies."
Field Peas (हरी मटर),Pulse,81,5,14,0.4,Sweet (मधुर),Cooling (शीत),Light (लघु),Sweet (मधुर),"Balances P, K.",Common winter vegetable.
Black-eyed Peas (लोबिया),Pulse,336,23,60,1.6,Sweet (मधुर),Heating (उष्ण),Heavy (गुरु),Sweet (मधुर),"Balances V. Increases P, K.","Rich in protein, iron."
Chickpeas (काबुली चना),Pulse,364,19,61,6,Sweet (मधुर),Heating (उष्ण),"Heavy, Dry (गुरु, रूक्ष)",Sweet (मधुर),"Balances V. Increases P, K.","Used in hummus, chole."
Split Green Gram (मूंग दाल छिलका),Pulse,347,24,63,1.2,Sweet (मधुर),Cooling (शीत),Light (लघु),Sweet (मधुर),Balances all doshas.,Light for digestion.
Sprouted Moong (अंकुरित मूंग),Pulse,30,3,6,0.2,Sweet (मधुर),Cooling (शीत),Light (लघु),Sweet (मधुर),Balances all doshas.,"Enzyme-rich, energizing."
Sprouted Chana (अंकुरित चना),Pulse,45,4,7,0.3,Sweet (मधुर),Heating (उष्ण),Light (लघु),Sweet (मधुर),"Balances V, K. Increases P.","Good for stamina, digestion."
Sprouted Moth Beans (अंकुरित मटकी),Pulse,50,4.5,9,0.5,Sweet (मधुर),Cooling (शीत),Light (लघु),Sweet (मधुर),"Balances P, K.","Nutritious sprouts, improves digestion."
Moth Beans (मटकी),Pulse,343,23,61,1.6,Sweet (मधुर),Cooling (शीत),"Light, Dry (लघु, रूक्ष)",Sweet (मधुर),"Balances V, K. Increases P.",Popular in Maharashtrian cuisine.
Adzuki Beans (अजुकी बीन्स),Pulse,329,20,63,0.5,Sweet (मधुर),Cooling (शीत),Light (लघु),Sweet (मधुर),"Balances P, K.","Detoxifying bean, used in Asia."
Horse Gram (कुल्थी),Pulse,321,22,57,0.5,"Pungent, Astringent (कटु, कषाय)",Heating (उष्ण),"Light, Dry (लघु, रूक्ष)",Pungent (कटु),"Balances K. Increases V, P.",Traditional in weight loss diets.
Broad Beans (सेम फली),Pulse,341,26,58,1.5,Sweet (मधुर),Cooling (शीत),Light (लघु),Sweet (मधुर),"Balances P, K.",Rich in folate and protein.
Cluster Beans Seeds (गवार बीज),Pulse,345,23,60,1.2,Bitter (तिक्त),Heating (उष्ण),"Light, Dry (लघु, रूक्ष)",Pungent (कटु),"Balances K, P. Increases V.","Used in gum extraction, nutritious."
Velvet Beans (कौंच बीज),Pulse,332,23,59,1.4,Bitter (तिक्त),Heating (उष्ण),Heavy (गुरु),Pungent (कटु),"Balances V. Increases P, K.","Medicinal bean, aphrodisiac properties."
Lotus Seeds Roasted (भुने मखाने),Seed,350,9,77,0.2,Sweet (मधुर),Cooling (शीत),Light (लघु),Sweet (मधुर),"Balances P, K.","Snack, strengthens kidneys."
Flax Seeds (अलसी),Seed,534,18,29,42,Astringent (कषाय),Heating (उष्ण),"Heavy, Oily (गुरु, स्निग्ध)",Sweet (मधुर),"Balances V, P. Increases K.","Rich in omega-3, laxative."
Chia Seeds (चिया बीज),Seed,486,16,42,30,Sweet (मधुर),Cooling (शीत),"Light, Oily (लघु, स्निग्ध)",Sweet (मधुर),"Balances P, V. Increases K.","Rich in fiber, hydrates body."
Sunflower Seeds (सूरजमुखी बीज),Seed,584,21,20,51,Sweet (मधुर),Heating (उष्ण),"Heavy, Oily (गुरु, स्निग्ध)",Sweet (मधुर),"Balances V. Increases P, K.",Rich in vitamin E.
Pumpkin Seeds (कद्दू के बीज),Seed,559,30,10,49,Sweet (मधुर),Cooling (शीत),"Heavy, Oily (गुरु, स्निग्ध)",Sweet (मधुर),"Balances V. Increases P, K.",Good for prostate health.
Sesame Seeds (तिल),Seed,573,18,25,50,"Sweet, Bitter (मधुर, तिक्त)",Heating (उष्ण),"Heavy, Oily (गुरु, स्निग्ध)",Sweet (मधुर),"Balances V. Increases P, K.","Strength-giving, used in tilgul."
Poppy Seeds (खसखस),Seed,525,18,28,42,Sweet (मधुर),Cooling (शीत),"Heavy, Oily (गुरु, स्निग्ध)",Sweet (मधुर),"Balances V, P. Increases K.","Calming, promotes sleep."
Hemp Seeds (भांग बीज),Seed,553,31,9,49,Sweet (मधुर),Heating (उष्ण),"Heavy, Oily (गुरु, स्निग्ध)",Sweet (मधुर),"Balances V. Increases P, K.",Rich in protein and omega fatty acids.
Water Chestnut (सिंघाड़ा),Aquatic Vegetable,97,1.4,23.9,0.1,Sweet (मधुर),Cooling (शीत),"Heavy, Moist (गुरु, स्निग्ध)",Sweet (मधुर),"Balances P, V. Can increase K.","Hydrating, good for urinary system."
Lotus Stem (कमल ककड़ी),Aquatic Vegetable,74,2.6,17.2,0.1,"Sweet, Astringent (मधुर, कषाय)",Cooling (शीत),"Light, Rough (लघु, रूक्ष)",Sweet (मधुर),"Balances P. Can increase V, K.","Improves digestion, strengthens lungs."
Fox Nut (मखाना),Seed,347,9.7,76.9,0.1,Sweet (मधुर),Cooling (शीत),"Light, Dry (लघु, रूक्ष)",Sweet (मधुर),"Balances P, V. Can increase K.",Good for heart and kidney health.
Arrowroot (अरारोट),Root,65,0.3,13.4,0.1,Sweet (मधुर),Cooling (शीत),"Light, Smooth (लघु, श्लक्ष्ण)",Sweet (मधुर),Balances P. Can increase K.,"Easily digestible, given during illness."
Colocasia Root (अरबी),Root Vegetable,142,2.1,34.6,0.1,"Pungent, Sweet (कटु, मधुर)",Heating (उष्ण),"Heavy, Slimy (गुरु, पिच्छिल)",Pungent (कटु),"Balances V, K. Can increase P.","Energizing, but may cause bloating."
Elephant Foot Yam (जिमीकंद),Root Vegetable,118,2.5,27.9,0.1,"Pungent, Astringent (कटु, कषाय)",Heating (उष्ण),"Heavy, Dry (गुरु, रूक्ष)",Pungent (कटु),"Balances K. Can increase P, V.","Improves digestion, reduces cholesterol."
Indian Gooseberry (आंवला),Fruit,44,0.9,10.2,0.6,Sour (अम्ल),Cooling (शीत),Light (लघु),Sweet (मधुर),Balances all doshas (Tridoshic).,"Rejuvenating, rich in Vitamin C."
Bael Fruit (बेल),Fruit,137,1.8,31.8,0.3,"Sweet, Astringent (मधुर, कषाय)",Cooling (शीत),Heavy (गुरु),Sweet (मधुर),"Balances P, V. Can increase K.","Good for digestion, used in diarrhea."
Jamun (जामुन),Fruit,60,0.7,15,0.2,"Astringent, Sour (कषाय, अम्ल)",Cooling (शीत),"Light, Dry (लघु, रूक्ष)",Pungent (कटु),"Balances P, K. Can increase V.","Controls blood sugar, improves liver health."
Wood Apple (कबैला),Fruit,134,2,30,0.2,"Sour, Sweet (अम्ल, मधुर)",Heating (उष्ण),Heavy (गुरु),Sweet (मधुर),"Balances V, P. Can increase K.","Improves digestion, strengthens immunity."
Ber (बेर),Fruit,79,1.2,20.2,0.2,"Sweet, Sour (मधुर, अम्ल)",Cooling (शीत),Light (लघु),Sweet (मधुर),"Balances V, P. Can increase K.","Improves stamina, used as tonic."
Karonda (करौंदा),Fruit,42,0.6,9.6,0.6,"Sour, Astringent (अम्ल, कषाय)",Heating (उष्ण),"Light, Dry (लघु, रूक्ष)",Pungent (कटु),"Balances K, P. Can increase V.","Rich in iron, good for anemia."
Phalsa (फालसा),Fruit,55,0.9,13,0.1,"Sour, Sweet (अम्ल, मधुर)",Cooling (शीत),Light (लघु),Sweet (मधुर),Balances P. Can increase V.,"Relieves heat, thirst-quenching."
Custard Apple (सीताफल),Fruit,94,2.1,25.2,0.6,Sweet (मधुर),Cooling (शीत),Heavy (गुरु),Sweet (मधुर),"Balances V, P. Can increase K.","Nourishing, rich in antioxidants."
Sapodilla (चीकू),Fruit,83,0.4,19.9,1.1,Sweet (मधुर),Cooling (शीत),Heavy (गुरु),Sweet (मधुर),"Balances V, P. Can increase K.","Good for energy, laxative effect."
Fig (अंजीर),Fruit,74,0.8,19,0.3,Sweet (मधुर),Cooling (शीत),Light (लघु),Sweet (मधुर),"Balances V, P. Can increase K.","Good for digestion, relieves constipation."
Mulberry (शहतूत),Fruit,43,1.4,10.2,0.4,"Sweet, Astringent (मधुर, कषाय)",Cooling (शीत),Light (लघु),Sweet (मधुर),"Balances V, P. Can increase K.","Blood purifier, improves eyesight."
Starfruit (कमरख),Fruit,31,1,7,0.3,Sour (अम्ल),Cooling (शीत),Light (लघु),Sour (अम्ल),Balances P. Can increase V.,"Rich in Vitamin C, improves digestion."
Persimmon (तेंदू),Fruit,81,0.6,18.6,0.3,"Sweet, Astringent (मधुर, कषाय)",Cooling (शीत),Heavy (गुरु),Sweet (मधुर),"Balances V, P. Can increase K.","Rich in beta carotene, antioxidant."
Passion Fruit (कृष्णा फल),Fruit,97,2.2,23,0.4,"Sweet, Sour (मधुर, अम्ल)",Cooling (शीत),Light (लघु),Sweet (मधुर),"Balances P, V. Can increase K.","Boosts immunity, aids digestion."
Peach (आड़ू),Fruit,39,0.9,10,0.3,"Sweet, Sour (मधुर, अम्ल)",Cooling (शीत),Light (लघु),Sweet (मधुर),"Balances P, V. Can increase K.",Improves skin health.
Pear (नाशपाती),Fruit,57,0.4,15,0.1,"Sweet, Astringent (मधुर, कषाय)",Cooling (शीत),Light (लघु),Sweet (मधुर),"Balances P, V. Can increase K.","Good for digestion, cooling."
Apricot (खुबानी),Fruit,48,1.4,11,0.4,"Sweet, Astringent (मधुर, कषाय)",Heating (उष्ण),Light (लघु),Sweet (मधुर),"Balances V. Can increase P, K.","Improves eyesight, good for anemia."
Plum (आलूबुखारा),Fruit,46,0.7,11,0.3,"Sour, Sweet (अम्ल, मधुर)",Cooling (शीत),Light (लघु),Sweet (मधुर),Balances P. Can increase V.,"Laxative, improves blood flow."
Raspberry (रसभरी),Fruit,52,1.2,12,0.7,"Sour, Sweet (अम्ल, मधुर)",Cooling (शीत),Light (लघु),Sweet (मधुर),Balances P. Can increase V.,Rich in fiber and Vitamin C.
Blackberry (काला जामुन),Fruit,43,1.4,10,0.5,"Astringent, Sweet (कषाय, मधुर)",Cooling (शीत),Light (लघु),Sweet (मधुर),"Balances P, V. Can increase K.","Good for digestion, antioxidant."
Cranberry (क्रैनबेरी),Fruit,46,0.4,12,0.1,"Sour, Astringent (अम्ल, कषाय)",Cooling (शीत),"Light, Dry (लघु, रूक्ष)",Pungent (कटु),Balances P. Can increase V.,Good for urinary tract health.
Blueberry (नीलबदरी),Fruit,57,0.7,14,0.3,"Sweet, Astringent (मधुर, कषाय)",Cooling (शीत),Light (लघु),Sweet (मधुर),Balances P. Can increase V.,"Antioxidant, improves memory."
Gooseberry (रेड करंट),Fruit,56,1.4,14,0.2,"Sour, Astringent (अम्ल, कषाय)",Cooling (शीत),Light (लघु),Pungent (कटु),Balances P. Can increase V.,"Improves immunity, digestion."
Black Currant (ब्लैक करंट),Fruit,63,1.4,15,0.2,"Sweet, Astringent (मधुर, कषाय)",Cooling (शीत),Light (लघु),Sweet (मधुर),Balances P. Can increase V.,"Rich in Vitamin C, good for eyes."
Red Banana (लाल केला),Fruit,90,1.2,23,0.3,Sweet (मधुर),Cooling (शीत),"Heavy, Smooth (गुरु, श्लक्ष्ण)",Sweet (मधुर),"Balances V, P. Can increase K.",Rich in Vitamin B6 and potassium.
Raw Banana (कच्चा केला),Vegetable,89,1.1,22.8,0.3,Astringent (कषाय),Cooling (शीत),Heavy (गुरु),Pungent (कटु),"Balances P, K. Can increase V.","Good for gut health, controls diarrhea."
Plantain Flower (केला फूल),Vegetable,74,1.6,9.9,0.6,"Bitter, Astringent (तिक्त, कषाय)",Cooling (शीत),"Light, Dry (लघु, रूक्ष)",Pungent (कटु),"Balances P, K. Can increase V.","Good for diabetes, improves fertility."
Tender Jackfruit (कटहल),Vegetable,95,2.5,23.5,0.6,"Sweet, Astringent (मधुर, कषाय)",Heating (उष्ण),Heavy (गुरु),Sweet (मधुर),Balances V. Can increase K.,"Rich in fiber, controls cholesterol."
Raw Mango (कच्चा आम),Fruit,60,0.6,15,0.4,Sour (अम्ल),Heating (उष्ण),Light (लघु),Sour (अम्ल),"Balances K. Can increase P, V.","Improves appetite, rich in Vitamin C."
Green Grapes (हरे अंगूर),Fruit,69,0.7,18,0.2,"Sweet, Astringent (मधुर, कषाय)",Cooling (शीत),Light (लघु),Sweet (मधुर),"Balances V, P. Can increase K.","Rich in antioxidants, hydrating."
Black Grapes (काले अंगूर),Fruit,72,0.7,19,0.2,Sweet (मधुर),Cooling (शीत),Heavy (गुरु),Sweet (मधुर),"Balances V, P. Can increase K.","Good for anemia, rich in resveratrol."
Green Apple (हरा सेब),Fruit,52,0.3,14,0.2,"Sour, Sweet (अम्ल, मधुर)",Cooling (शीत),Light (लघु),Sweet (मधुर),"Balances P, V. Can increase K.",Good for digestion and weight loss.
Red Apple (लाल सेब),Fruit,57,0.3,15,0.2,Sweet (मधुर),Cooling (शीत),Light (लघु),Sweet (मधुर),"Balances P, V. Can increase K.","Nourishing, improves skin."
Pomegranate Seeds (अनार दाने),Fruit,83,1.7,19,1.2,"Sweet, Astringent (मधुर, कषाय)",Cooling (शीत),Light (लघु),Sweet (मधुर),Balances all doshas (Tridoshic).,"Blood purifier, improves stamina."
Dry Dates (छुहारे),Fruit,277,1.8,75,0.2,Sweet (मधुर),Heating (उष्ण),Heavy (गुरु),Sweet (मधुर),"Balances V. Can increase K, P.","Strengthening, aphrodisiac."
Raisin (किशमिश),Dry Fruit,299,3.1,79,0.5,Sweet (मधुर),Heating (उष्ण),Heavy (गुरु),Sweet (मधुर),"Balances V. Can increase K, P.",Good for energy and anemia.
Dry Fig (सूखा अंजीर),Dry Fruit,249,3.3,64,0.9,Sweet (मधुर),Heating (उष्ण),Heavy (गुरु),Sweet (मधुर),"Balances V. Can increase K, P.",Improves digestion and fertility.
Dry Apricot (सूखा खुबानी),Dry Fruit,241,3.4,63,0.5,Sweet (मधुर),Heating (उष्ण),Heavy (गुरु),Sweet (मधुर),Balances V. Can increase K.,"Good for skin, rich in iron."
Prunes (सूखा आलूबुखारा),Dry Fruit,240,2.2,64,0.4,"Sweet, Sour (मधुर, अम्ल)",Heating (उष्ण),Heavy (गुरु),Sweet (मधुर),"Balances V. Can increase K, P.","Laxative, improves bone health."
Black Raisins (काले किशमिश),Dry Fruit,299,3.3,79,0.5,Sweet (मधुर),Heating (उष्ण),Heavy (गुरु),Sweet (मधुर),Balances V. Can increase K.,"Strengthening, blood purifier."
Golden Raisins (पीले किशमिश),Dry Fruit,302,3.4,80,0.6,Sweet (मधुर),Heating (उष्ण),Heavy (गुरु),Sweet (मधुर),Balances V. Can increase K.,"Improves stamina, sweetener alternative."
Lotus Seeds (कमल गट्टा),Seed,332,9.7,75,0.1,Sweet (मधुर),Cooling (शीत),"Light, Dry (लघु, रूक्ष)",Sweet (मधुर),"Balances V, P. Can increase K.","Nutritious, strengthens kidney."
Pumpkin Seeds (कद्दू बीज),Seed,559,30,10,49,"Sweet, Pungent (मधुर, कटु)",Heating (उष्ण),"Heavy, Oily (गुरु, स्निग्ध)",Sweet (मधुर),"Balances V. Can increase K, P.","Good for prostate, protein-rich."
Sunflower Seeds (सूरजमुखी बीज),Seed,584,20,20,51,"Sweet, Astringent (मधुर, कषाय)",Heating (उष्ण),"Heavy, Oily (गुरु, स्निग्ध)",Sweet (मधुर),"Balances V. Can increase K, P.",Rich in Vitamin E and healthy fats.
Watermelon Seeds (तरबूज बीज),Seed,557,28,15,47,Sweet (मधुर),Cooling (शीत),"Heavy, Oily (गुरु, स्निग्ध)",Sweet (मधुर),"Balances V, P. Can increase K.","Boosts energy, protein source."
Muskmelon Seeds (खरबूजा बीज),Seed,557,21,17,48,Sweet (मधुर),Cooling (शीत),"Heavy, Oily (गुरु, स्निग्ध)",Sweet (मधुर),Balances V. Can increase K.,"Good for digestion, cooling."
Cantaloupe Seeds (खरबूजा बीज),Seed,562,20,19,49,Sweet (मधुर),Cooling (शीत),"Heavy, Oily (गुरु, स्निग्ध)",Sweet (मधुर),Balances V. Can increase K.,Rich in protein and minerals.
Amaranth Seeds (राजगिरा),Grain/Seed,371,13.6,65.2,7,"Sweet, Astringent (मधुर, कषाय)",Heating (उष्ण),"Light, Dry (लघु, रूक्ष)",Sweet (मधुर),"Balances V, P. Can increase K.","Gluten-free, rich in calcium and iron."
Barnyard Millet (सांवा),Millet,307,11.2,65.5,3.9,Sweet (मधुर),Cooling (शीत),Light (लघु),Sweet (मधुर),"Balances V, P. Can increase K.","Good for fasting, easily digestible."
Kodo Millet (कोदो),Millet,309,8.3,66.6,3.6,Sweet (मधुर),Cooling (शीत),"Light, Dry (लघु, रूक्ष)",Sweet (मधुर),"Balances V, P. Can increase K.","Rich in fiber, good for diabetes."
Little Millet (कुटकी),Millet,207,7.7,37,4.7,Sweet (मधुर),Cooling (शीत),"Light, Dry (लघु, रूक्ष)",Sweet (मधुर),"Balances V, P. Can increase K.","Rich in minerals, easy to digest."
Foxtail Millet (कंगनी),Millet,331,12.3,60.6,4.3,Sweet (मधुर),Heating (उष्ण),Light (लघु),Sweet (मधुर),"Balances V. Can increase P, K.",Helps control blood sugar.
Proso Millet (चिना),Millet,356,12.5,70.4,1.1,Sweet (मधुर),Heating (उष्ण),"Light, Dry (लघु, रूक्ष)",Sweet (मधुर),"Balances V. Can increase P, K.","Rich in protein, gluten-free."
Browntop Millet (कोरले),Millet,343,11.5,67.5,3.5,Sweet (मधुर),Cooling (शीत),"Light, Dry (लघु, रूक्ष)",Sweet (मधुर),"Balances V, P. Can increase K.","Rich in antioxidants, easy to digest."
Finger Millet (रागी),Millet,336,7.3,72,1.3,Sweet (मधुर),Heating (उष्ण),Heavy (गुरु),Sweet (मधुर),"Balances V. Can increase K, P.","High in calcium, good for bones."
Sorghum (ज्वार),Cereal,329,11,72,3.3,Sweet (मधुर),Cooling (शीत),Light (लघु),Sweet (मधुर),"Balances V, P. Can increase K.","Good for digestion, gluten-free."
Pearl Millet (बाजरा),Cereal,378,11.6,67,5,Sweet (मधुर),Heating (उष्ण),Heavy (गुरु),Sweet (मधुर),"Balances V. Can increase K, P.","Warming, good for winters."
Foxtail Grass Seeds (कंगनी बीज),Seed,351,12.2,62,4.5,Sweet (मधुर),Heating (उष्ण),Light (लघु),Sweet (मधुर),"Balances V. Can increase K, P.",Nutritious fasting food.
Chia Seeds (चिया बीज),Seed,486,17,42,31,"Sweet, Astringent (मधुर, कषाय)",Cooling (शीत),"Heavy, Slimy (गुरु, पिच्छिल)",Sweet (मधुर),"Balances V, P. Can increase K.",Rich in omega-3 fatty acids.
Flax Seeds (अलसी),Seed,534,18.3,29,42,"Pungent, Sweet (कटु, मधुर)",Heating (उष्ण),"Heavy, Oily (गुरु, स्निग्ध)",Sweet (मधुर),"Balances V. Can increase P, K.","Good for digestion, heart health."
Sesame Seeds (तिल),Seed,573,17.7,23,50,"Sweet, Bitter (मधुर, तिक्त)",Heating (उष्ण),"Heavy, Oily (गुरु, स्निग्ध)",Sweet (मधुर),"Balances V. Can increase P, K.","Strengthening, improves hair and skin."
Poppy Seeds (खसखस),Seed,525,18,28,42,Sweet (मधुर),Cooling (शीत),"Heavy, Oily (गुरु, स्निग्ध)",Sweet (मधुर),"Balances V, P. Can increase K.","Calming, good for sleep."
Cumin Seeds (जीरा),Spice,375,18,44,22,Pungent (कटु),Heating (उष्ण),"Light, Dry (लघु, रूक्ष)",Pungent (कटु),"Balances K, V. Can increase P.","Improves digestion, carminative."
Coriander Seeds (धनिया बीज),Spice,298,12.4,55,17.8,"Astringent, Sweet (कषाय, मधुर)",Cooling (शीत),"Light, Dry (लघु, रूक्ष)",Sweet (मधुर),Balances P. Can increase V.,"Good for digestion, cooling."
Fennel Seeds (सौंफ),Spice,345,15.8,52,14.9,Sweet (मधुर),Cooling (शीत),"Light, Oily (लघु, स्निग्ध)",Sweet (मधुर),"Balances P, V. Can increase K.","Freshens breath, aids digestion."
Fenugreek Seeds (मेथी दाना),Spice,323,23,58,6,Bitter (तिक्त),Heating (उष्ण),"Light, Dry (लघु, रूक्ष)",Pungent (कटु),"Balances V, K. Can increase P.","Regulates sugar, improves digestion."
Ajwain (अजवाइन),Spice,305,16,43,25,Pungent (कटु),Heating (उष्ण),"Light, Sharp (लघु, तीक्ष्ण)",Pungent (कटु),"Balances K, V. Can increase P.",Excellent for bloating and indigestion.
Mustard Seeds (सरसों दाना),Spice,508,26,28,36,Pungent (कटु),Heating (उष्ण),"Sharp, Oily (तीक्ष्ण, स्निग्ध)",Pungent (कटु),"Balances K, V. Can increase P.","Stimulates appetite, very heating."
Black Pepper (काली मिर्च),Spice,255,10,64,3.3,Pungent (कटु),Heating (उष्ण),"Light, Sharp (लघु, तीक्ष्ण)",Pungent (कटु),"Balances K, V. Can increase P.","Improves metabolism, clears channels."
Clove (लौंग),Spice,274,6,65,20,Pungent (कटु),Heating (उष्ण),"Sharp, Oily (तीक्ष्ण, स्निग्ध)",Pungent (कटु),"Balances K. Can increase P, V.","Antiseptic, aids toothache relief."
Cinnamon (दालचीनी),Spice,247,4,81,1.2,"Sweet, Pungent (मधुर, कटु)",Heating (उष्ण),"Light, Dry (लघु, रूक्ष)",Pungent (कटु),"Balances K. Can increase P, V.","Improves circulation, digestion."
Cardamom (इलायची),Spice,311,11,68,6.7,"Sweet, Pungent (मधुर, कटु)",Cooling (शीत),Light (लघु),Sweet (मधुर),Balances P. Can increase V.,"Freshens breath, enhances flavor."
Nutmeg (जायफल),Spice,525,6,49,36,"Pungent, Bitter (कटु, तिक्त)",Heating (उष्ण),"Heavy, Oily (गुरु, स्निग्ध)",Pungent (कटु),"Balances K. Can increase P, V.","Calming, used in insomnia."
Mace (जावित्री),Spice,475,6.7,45,32,"Pungent, Bitter (कटु, तिक्त)",Heating (उष्ण),"Light, Oily (लघु, स्निग्ध)",Pungent (कटु),"Balances K. Can increase P, V.","Good for appetite, improves digestion."
Turmeric (हल्दी),Spice,354,8,65,10,"Bitter, Pungent (तिक्त, कटु)",Heating (उष्ण),"Light, Dry (लघु, रूक्ष)",Pungent (कटु),"Balances K, V. Can increase P.","Anti-inflammatory, antiseptic."
Ginger (सौंठ/अदरक),Spice,335,9,71,5,Pungent (कटु),Heating (उष्ण),"Light, Sharp (लघु, तीक्ष्ण)",Pungent (कटु),"Balances K, V. Can increase P.","Stimulates digestion, relieves nausea."
Garlic (लहसुन),Spice/Herb,149,6.4,33,0.5,Pungent (कटु),Heating (उष्ण),"Light, Oily (लघु, स्निग्ध)",Pungent (कटु),"Balances K, V. Can increase P.","Antimicrobial, heart-healthy."
Asafoetida (हींग),Spice/Resin,297,4,67,1,"Pungent, Bitter (कटु, तिक्त)",Heating (उष्ण),"Light, Sharp (लघु, तीक्ष्ण)",Pungent (कटु),"Balances K, V. Can increase P.",Strong digestive stimulant.
Tamarind (इमली),Fruit/Spice,239,2.8,62.5,0.6,Sour (अम्ल),Cooling (शीत),Light (लघु),Sour (अम्ल),"Balances K. Can increase V, P.","Laxative, improves taste."
Rock Salt (सेंधा नमक),Mineral,0,0,0,0,Salty (लवण),Cooling (शीत),Light (लघु),Sweet (मधुर),"Balances V. Can increase P, K.","Improves taste, digestion aid."
Black Salt (काला नमक),Mineral,0,0,0,0,Salty (लवण),Cooling (शीत),Light (लघु),Sweet (मधुर),"Balances V. Can increase P, K.","Carminative, used in digestive issues."
Sea Salt (समुद्री नमक),Mineral,0,0,0,0,Salty (लवण),Heating (उष्ण),Heavy (गुरु),Sweet (मधुर),"Balances V. Can increase P, K.",Stimulates appetite.
Sago (साबूदाना),Processed Food,351,0.2,94,0.2,Sweet (मधुर),Cooling (शीत),Heavy (गुरु),Sweet (मधुर),"Balances V, P. Can increase K.","Easily digestible, fasting food."
Arrowroot Flour (अरारोट पाउडर),Processed Flour,357,0.4,88,0.1,Sweet (मधुर),Cooling (शीत),"Light, Smooth (लघु, श्लक्ष्ण)",Sweet (मधुर),Balances P. Can increase K.,Good for children and patients.
Rice Flour (चावल का आटा),Flour,366,6,80,1,Sweet (मधुर),Cooling (शीत),Light (लघु),Sweet (मधुर),Balances P. Can increase K.,Used for light preparations.
Wheat Flour (गेहूं आटा),Flour,364,12,76,2,Sweet (मधुर),Heating (उष्ण),Heavy (गुरु),Sweet (मधुर),"Balances V. Can increase K, P.","Staple, nourishing."
Barley Flour (जौ आटा),Flour,354,12.5,73,2.3,Sweet (मधुर),Cooling (शीत),"Light, Dry (लघु, रूक्ष)",Sweet (मधुर),Balances P. Can increase V.,"Good for weight loss, diabetes."
Maize Flour (मकई आटा),Flour,365,9,74,4.7,Sweet (मधुर),Heating (उष्ण),Heavy (गुरु),Sweet (मधुर),Balances V. Can increase K.,"Energy-rich, good for winters."
Millet Flour (बाजरा/रागी आटा),Flour,355,10,72,3.5,Sweet (मधुर),Heating (उष्ण),Heavy (गुरु),Sweet (मधुर),Balances V. Can increase K.,"Nutritious, high fiber."
Gram Flour (बेसन),Flour,387,22,58,6.7,"Pungent, Astringent (कटु, कषाय)",Heating (उष्ण),Light (लघु),Pungent (कटु),"Balances K. Can increase P, V.","Protein-rich, versatile."
Soy Flour (सोया आटा),Flour,372,36,30,20,"Sweet, Astringent (मधुर, कषाय)",Heating (उष्ण),Heavy (गुरु),Sweet (मधुर),"Balances V. Can increase K, P.","High protein, nourishing."
Rajgira Flour (राजगिरा आटा),Flour,371,13.6,65.2,7,Sweet (मधुर),Heating (उष्ण),"Light, Dry (लघु, रूक्ष)",Sweet (मधुर),"Balances V, P. Can increase K.","Gluten-free, used in fasting."
Water Chestnut Flour (सिंघाड़ा आटा),Flour,337,3.6,88,0.1,Sweet (मधुर),Cooling (शीत),"Light, Moist (लघु, स्निग्ध)",Sweet (मधुर),"Balances P, V. Can increase K.","Popular fasting food, cooling."
Coconut Flour (नारियल आटा),Flour,400,20,60,14,Sweet (मधुर),Cooling (शीत),Heavy (गुरु),Sweet (मधुर),"Balances V, P. Can increase K.","Rich in fiber, gluten-free."
Lotus Seeds (मखाना),Seed,347,9.7,76.9,0.1,Sweet (मधुर),Cooling (शीत),"Light, Dry (लघु, रूक्ष)",Sweet (मधुर),"Balances P, V. Can increase K.",Good for heart and kidney health.
Pumpkin Seeds (कद्दू के बीज),Seed,559,30,11,49,"Sweet, Astringent (मधुर, कषाय)",Heating (उष्ण),"Heavy, Oily (गुरु, स्निग्ध)",Sweet (मधुर),"Balances V. Can increase P, K.","Rich in zinc, boosts immunity."
Sunflower Seeds (सूरजमुखी बीज),Seed,584,21,20,51,"Sweet, Bitter (मधुर, तिक्त)",Heating (उष्ण),"Heavy, Oily (गुरु, स्निग्ध)",Sweet (मधुर),"Balances V. Can increase P, K.","Rich in vitamin E, supports skin."
Watermelon Seeds (तरबूज के बीज),Seed,557,28,15,47,Sweet (मधुर),Cooling (शीत),Heavy (गुरु),Sweet (मधुर),"Balances P, V. Can increase K.",Good for cooling effect and minerals.
Cucumber Seeds (खीरे के बीज),Seed,345,13,30,40,Sweet (मधुर),Cooling (शीत),Light (लघु),Sweet (मधुर),"Balances P, V. Can increase K.","Soothing, cooling for body heat."
Melon Seeds (खरबूजा बीज),Seed,570,27,15,48,Sweet (मधुर),Cooling (शीत),Light (लघु),Sweet (मधुर),"Balances P, V. Can increase K.","Nutritious, used in sweets."
Almonds (बादाम),Nut,579,21,22,50,Sweet (मधुर),Heating (उष्ण),"Heavy, Oily (गुरु, स्निग्ध)",Sweet (मधुर),"Balances V. Can increase P, K.","Improves memory, nourishing."
Cashews (काजू),Nut,553,18,30,44,Sweet (मधुर),Heating (उष्ण),"Heavy, Oily (गुरु, स्निग्ध)",Sweet (मधुर),"Balances V. Can increase P, K.","Strength-giving, but heavy to digest."
Pistachios (पिस्ता),Nut,562,20,28,45,Sweet (मधुर),Heating (उष्ण),Heavy (गुरु),Sweet (मधुर),"Balances V. Can increase P, K.","Good for heart, supports energy."
Walnuts (अखरोट),Nut,654,15,14,65,"Bitter, Sweet (तिक्त, मधुर)",Heating (उष्ण),"Heavy, Oily (गुरु, स्निग्ध)",Sweet (मधुर),"Balances V. Can increase P, K.","Brain tonic, improves strength."
Peanuts (मूंगफली),Nut/Legume,567,26,16,49,Sweet (मधुर),Heating (उष्ण),Heavy (गुरु),Sweet (मधुर),"Balances V. Can increase K, P.","Protein-rich, budget-friendly nut."
Hazelnuts (हैज़लनट),Nut,628,15,17,61,Sweet (मधुर),Heating (उष्ण),"Heavy, Oily (गुरु, स्निग्ध)",Sweet (मधुर),Balances V. Can increase K.,Rich in vitamin E and fiber.
Pine Nuts (चिलगोज़ा),Nut,673,14,13,68,Sweet (मधुर),Heating (उष्ण),Heavy (गुरु),Sweet (मधुर),Balances V. Can increase K.,"Expensive, but nourishing."
Brazil Nuts (ब्राज़ील नट),Nut,656,14,12,66,Sweet (मधुर),Heating (उष्ण),"Heavy, Oily (गुरु, स्निग्ध)",Sweet (मधुर),Balances V. Can increase K.,"High in selenium, boosts thyroid."
Macadamia Nuts (मैकाडेमिया),Nut,718,8,14,76,Sweet (मधुर),Heating (उष्ण),Heavy (गुरु),Sweet (मधुर),Balances V. Can increase K.,Rich in healthy fats.
Chestnuts (शाहबलूत),Nut,213,2.4,45,2.2,Sweet (मधुर),Cooling (शीत),Light (लघु),Sweet (मधुर),Balances P. Can increase K.,"Low fat, high carbs, energy source."
Raisins (किशमिश),Dry Fruit,299,3.1,79,0.5,Sweet (मधुर),Heating (उष्ण),"Heavy, Moist (गुरु, स्निग्ध)",Sweet (मधुर),"Balances V. Can increase K, P.","Good for anemia, energizing."
Dates (खजूर),Dry Fruit,282,2.5,75,0.2,Sweet (मधुर),Heating (उष्ण),Heavy (गुरु),Sweet (मधुर),"Balances V. Can increase K, P.","Nourishing, boosts stamina."
Figs (अंजीर),Dry Fruit,249,3.3,64,0.9,Sweet (मधुर),Cooling (शीत),Heavy (गुरु),Sweet (मधुर),"Balances V, P. Can increase K.","Good for digestion, constipation relief."
Prunes (सूखा आलूबुखारा),Dry Fruit,240,2.2,64,0.4,Sweet (मधुर),Heating (उष्ण),Heavy (गुरु),Sweet (मधुर),Balances V. Can increase K.,"Mild laxative, supports digestion."
Apricots (सूखे खुबानी),Dry Fruit,241,3.4,63,0.5,Sweet (मधुर),Cooling (शीत),Light (लघु),Sweet (मधुर),"Balances P. Can increase V, K.",Good for skin and eyes.
Mulberries (शहतूत),Fruit,43,1.4,10,0.4,Sweet (मधुर),Cooling (शीत),Light (लघु),Sweet (मधुर),Balances P. Can increase V.,Rich in antioxidants and iron.
Jamun (जामुन),Fruit,60,0.7,15,0.2,"Astringent, Sweet (कषाय, मधुर)",Cooling (शीत),Light (लघु),Astringent (कषाय),"Balances P, K. Can increase V.","Good for diabetes, digestion."
Bael Fruit (बेल),Fruit,137,1.8,31,0.3,"Sweet, Astringent (मधुर, कषाय)",Heating (उष्ण),Heavy (गुरु),Sweet (मधुर),"Balances K, V. Can increase P.","Excellent for diarrhea, digestion."
Wood Apple (कबित),Fruit,100,2,25,0.2,"Sweet, Astringent (मधुर, कषाय)",Cooling (शीत),Heavy (गुरु),Sweet (मधुर),"Balances K, V. Can increase P.","Rich in vitamin C, digestive."
Ber (बेर),Fruit,79,1.2,20,0.2,Sweet (मधुर),Cooling (शीत),Light (लघु),Sweet (मधुर),"Balances P. Can increase V, K.","Good for immunity, energizing."
Custard Apple (सीताफल),Fruit,94,2.1,23.6,0.3,Sweet (मधुर),Cooling (शीत),Heavy (गुरु),Sweet (मधुर),"Balances P, V. Can increase K.","Nourishing, sweet fruit."
Rambutan (रामबुतान),Fruit,68,0.9,16,0.2,Sweet (मधुर),Cooling (शीत),Light (लघु),Sweet (मधुर),Balances P. Can increase V.,"Exotic fruit, hydrating."
Longan (लॉन्गन),Fruit,60,1.3,15,0.1,Sweet (मधुर),Cooling (शीत),Light (लघु),Sweet (मधुर),Balances P. Can increase V.,Good for relaxation and immunity.
Lychee (लीची),Fruit,66,0.8,17,0.4,Sweet (मधुर),Cooling (शीत),Light (लघु),Sweet (मधुर),Balances P. Can increase V.,"Hydrating, refreshing fruit."
Dragon Fruit (ड्रैगन फ्रूट),Fruit,60,1.2,13,0.4,Sweet (मधुर),Cooling (शीत),Light (लघु),Sweet (मधुर),Balances P. Can increase V.,Rich in antioxidants.
Kiwi (कीवी),Fruit,61,1.1,15,0.5,"Sour, Sweet (अम्ल, मधुर)",Cooling (शीत),Light (लघु),Sour (अम्ल),Balances P. Can increase V.,High vitamin C content.
Passion Fruit (पैशन फ्रूट),Fruit,97,2.2,23,0.4,"Sour, Sweet (अम्ल, मधुर)",Cooling (शीत),Light (लघु),Sour (अम्ल),Balances P. Can increase V.,"Good for digestion, antioxidant-rich."
Persimmon (तेंदू),Fruit,81,0.8,18,0.3,Sweet (मधुर),Cooling (शीत),Heavy (गुरु),Sweet (मधुर),"Balances P, V. Can increase K.",Rich in fiber and vitamin A.
Starfruit (कमरख),Fruit,31,1,7,0.3,"Sour, Astringent (अम्ल, कषाय)",Cooling (शीत),Light (लघु),Sour (अम्ल),Balances P. Can increase V.,Refreshing tropical fruit.
Pomelo (चकोतरा),Fruit,38,0.8,9.6,0.04,Sour (अम्ल),Cooling (शीत),Light (लघु),Sour (अम्ल),Balances P. Can increase V.,"Large citrus fruit, rich in vitamin C."
Cranberries (क्रैनबेरी),Fruit,46,0.4,12,0.1,"Sour, Astringent (अम्ल, कषाय)",Cooling (शीत),Light (लघु),Sour (अम्ल),Balances P. Can increase V.,Good for urinary health.
Blueberries (ब्लूबेरी),Fruit,57,0.7,14,0.3,"Sweet, Astringent (मधुर, कषाय)",Cooling (शीत),Light (लघु),Sweet (मधुर),Balances P. Can increase V.,Rich in antioxidants.
Blackberries (ब्लैकबेरी),Fruit,43,1.4,10,0.5,"Sweet, Astringent (मधुर, कषाय)",Cooling (शीत),Light (लघु),Sweet (मधुर),Balances P. Can increase V.,"Fiber-rich, antioxidant source."
Raspberries (रसभरी),Fruit,52,1.2,12,0.7,"Sweet, Astringent (मधुर, कषाय)",Cooling (शीत),Light (लघु),Sweet (मधुर),Balances P. Can increase V.,"Supports digestion, rich in vitamin C."
Gooseberries (आंवला),Fruit,44,1.3,10,0.6,"Sour, Astringent (अम्ल, कषाय)",Cooling (शीत),Light (लघु),Sweet (मधुर),Balances all doshas.,"Excellent rejuvenator, vitamin C rich."
Cloudberries (क्लाउडबेरी),Fruit,51,1.6,12,0.8,"Sweet, Sour (मधुर, अम्ल)",Cooling (शीत),Light (लघु),Sweet (मधुर),Balances P. Can increase V.,"Rare fruit, antioxidant properties."
Currants (करंट),Fruit,56,1.4,14,0.2,"Sweet, Sour (मधुर, अम्ल)",Cooling (शीत),Light (लघु),Sweet (मधुर),Balances P. Can increase V.,"Used in jams, vitamin C rich."
Elderberries (एल्डरबेरी),Fruit,73,0.7,18,0.5,"Sweet, Sour (मधुर, अम्ल)",Cooling (शीत),Light (लघु),Sweet (मधुर),Balances P. Can increase V.,Immunity-boosting berry.
Huckleberries (हकलबेरी),Fruit,37,1,9,0.5,"Sweet, Sour (मधुर, अम्ल)",Cooling (शीत),Light (लघु),Sweet (मधुर),Balances P. Can increase V.,"Wild berry, good for digestion."
Acai Berries (आसाई बेरी),Fruit,70,2,4,5,"Sweet, Astringent (मधुर, कषाय)",Cooling (शीत),Heavy (गुरु),Sweet (मधुर),"Balances P, V. Can increase K.","Superfood, high in antioxidants."
Buffalo Milk (भैंस का दूध),Dairy,97,3.8,5.2,6.9,Sweet (मधुर),Cooling (शीत),"Very Heavy, Unctuous (अति गुरु, स्निग्ध)",Sweet (मधुर),"Excellent for V. Increases K, P.",Heavier and more fat-rich than cow's milk. Induces sleep.
Goat Milk (बकरी का दूध),Dairy,69,3.6,4.5,4.1,"Astringent, Sweet (कषाय, मधुर)",Cooling (शीत),"Light, Dry (लघु, रूक्ष)",Pungent (कटु),Balances all doshas (Tridoshic).,Lighter and easier to digest than cow's milk. Good for respiratory issues.
Buttermilk (छाछ),Dairy,40,3.3,4.8,0.9,"Astringent, Sour, Sweet",Cooling (शीत),Light (लघु),Pungent (कटु),Excellent for all doshas (Tridoshic).,"Best digestive aid, especially for Vata and Kapha."
Lassi (Sweet) (लस्सी),Dairy,77,3,10,3,"Sweet, Sour (मधुर, अम्ल)",Cooling (शीत),Heavy (गुरु),Sweet (मधुर),"Balances V, P. Significantly increases K.",Heavy due to sugar. Good for cooling Pitta in moderation.
Chhena / Paneer (छेना),Dairy,265,18,1.2,21,Sweet (मधुर),Cooling (शीत),"Heavy, Unctuous (गुरु, स्निग्ध)",Sweet (मधुर),"Balances V, P. Increases K.",Fresh cheese curd. Heavy to digest but very nourishing.
Khoya / Mawa (खोया),Dairy,370,22,27,20,Sweet (मधुर),Cooling (शीत),"Very Heavy, Unctuous (अति गुरु, स्निग्ध)",Sweet (मधुर),"Balances V, P. Heavily increases K.",Dried milk solids. Used in sweets. Very heavy.
Basmati Rice (बासमती चावल),Grains,121,3.5,25.2,0.5,Sweet (मधुर),Cooling (शीत),"Light, Aromatic (लघु, सुगंधित)",Sweet (मधुर),Balances all doshas (Tridoshic). Considered Sattvic.,Aged basmati is lighter and better for digestion.
Sona Masuri Rice (सोना मसूरी),Grains,130,2.5,28,0.4,Sweet (मधुर),Cooling (शीत),"Light, Soft (लघु, मृदु)",Sweet (मधुर),"Balances V, P. Can increase K.",Common daily rice in South & Central India.
Red Rice (लाल चावल),Grains,110,2.5,23,1,"Sweet, Astringent (मधुर, कषाय)",Cooling (शीत),Heavy (गुरु),Sweet (मधुर),"Balances P. Can increase V, K.",Rich in iron and antioxidants.
Black Rice (काला चावल),Grains,160,4,34,1.5,"Sweet, Astringent (मधुर, कषाय)",Cooling (शीत),Heavy (गुरु),Sweet (मधुर),"Balances P. Can increase V, K.",Known as 'forbidden rice'. Very high in antioxidants.
Job's Tears (सावा/कोइक्स बीज),Grains,356,12.8,70,1.8,Sweet (मधुर),Cooling (शीत),"Light, Dry (लघु, रूक्ष)",Sweet (मधुर),"Balances K, P. May increase V.",Supports kidney and spleen health. Used as a grain.
Wheat Germ (गेहूं का अंकुर),Grains,360,23,52,10,Sweet (मधुर),Cooling (शीत),"Heavy, Unctuous (गुरु, स्निग्ध)",Sweet (मधुर),"Excellent for V, P. Increases K.",The most nutritious part of wheat. Very strengthening.
Bulgur Wheat (बुलगुर गेहूं),Grains,342,12,76,1.3,Sweet (मधुर),Cooling (शीत),Heavy (गुरु),Sweet (मधुर),"Balances V, P. Can increase K.","Pre-cooked, cracked wheat. Lighter than Dalia."
Couscous (कूसकूस),Grains,376,13,77,0.6,Sweet (मधुर),Cooling (शीत),"Light, Dry (लघु, रूक्ष)",Sweet (मधुर),"Balances P, K. Can increase V.",Small steamed balls of crushed durum wheat. Very light.
Spelt Flour (स्पेल्ट आटा),Flours,338,15,70,2.4,Sweet (मधुर),Cooling (शीत),Heavy (गुरु),Sweet (मधुर),"Balances V, P. Can increase K.","An ancient type of wheat, often easier to digest."
Ragi Flour (रागी आटा),Flours,336,7.6,72,1.5,Sweet (मधुर),Cooling (शीत),"Heavy, Dry (गुरु, रूक्ष)",Sweet (मधुर),"Balances P, K. Can increase V.","Rich in calcium, gluten-free."
Jowar Flour (ज्वार आटा),Flours,349,10.4,72.1,3.1,"Sweet, Astringent (मधुर, कषाय)",Cooling (शीत),"Light, Dry (लघु, रूक्ष)",Pungent (कटु),"Balances P, K. Increases V.",Gluten-free flour. Denser than wheat flour.
Bajra Flour (बाजरा आटा),Flours,385,11.8,61.8,6.1,"Sweet, Astringent (मधुर, कषाय)",Heating (उष्ण),"Light, Dry (लघु, रूक्ष)",Pungent (कटु),"Balances V, K. Can increase P.","Warming, best for making rotis in winter."
Amaranth Flour (राजगिरा आटा),Flours,371,14,65,7,"Sweet, Astringent (मधुर, कषाय)",Cooling (शीत),"Light, Dry (लघु, रूक्ष)",Sweet (मधुर),"Balances P, K. Can increase V.",Gluten-free and high in protein.
Buckwheat Flour (कुट्टू आटा),Flours,335,12.6,70.6,3.1,"Sweet, Astringent (मधुर, कषाय)",Heating (उष्ण),"Light, Dry (लघु, रूक्ष)",Sweet (मधुर),"Balances K, V. Can increase P.",Warming and drying. Common grain for fasting.
Puffed Amaranth (फूला हुआ राजगिरा),Grains,390,15,68,7.5,Sweet (मधुर),Cooling (शीत),"Very Light, Dry (अति लघु, रूक्ष)",Sweet (मधुर),"Balances K, P. Increases V.",A very light and nutritious snack.
Split Green Gram (with skin) (छिलका मूंग),Lentils,352,25,60,1.3,"Astringent, Sweet",Cooling (शीत),"Light, Dry (लघु, रूक्ष)",Pungent (कटु),Best for all doshas (Tridoshic).,Lighter than whole moong but heavier than washed yellow moong dal.
Split Black Gram (with skin) (छिलका उड़द),Lentils,347,24,60,1.4,Sweet (मधुर),Heating (उष्ण),"Heavy, Unctuous (गुरु, स्निग्ध)",Sweet (मधुर),"Balances V. Increases P, K.","With skin, it has more fiber and is harder to digest than washed dal."
Whole Red Lentil (साबुत मसूर),Lentils,340,24,63,1,"Sweet, Astringent",Cooling (शीत),"Heavy, Dry (गुरु, रूक्ष)",Pungent (कटु),"Balances P, K. Increases V.",Heavier and requires more cooking time than split masoor dal.
Whole Pigeon Peas (साबुत अरहर),Legumes,335,22,57.6,1.7,"Astringent, Sweet",Heating (उष्ण),"Light, Dry (लघु, रूक्ष)",Pungent (कटु),"Balances P, K. Can increase V.",Whole version of Toor Dal. Needs longer soaking.
Sprouted Moong (अंकुरित मूंग),Legumes,30,3,6,0.2,Sweet (मधुर),Cooling (शीत),Light (लघु),Sweet (मधुर),Balances all doshas.,"Enzyme-rich, energizing."
Sprouted Chana (अंकुरित चना),Legumes,45,4,7,0.3,Astringent (कषाय),Heating (उष्ण),Light (लघु),Sweet (मधुर),"Balances V, K. Increases P.","Good for stamina, digestion."
Sprouted Moth Beans (अंकुरित मटकी),Legumes,50,4.5,9,0.5,Sweet (मधुर),Cooling (शीत),Light (लघु),Sweet (मधुर),"Balances P, K.","Nutritious sprouts, improves digestion."
Fava Beans (बाकला),Legumes,341,26,58,1.5,Sweet (मधुर),Cooling (शीत),"Heavy, Dry (गुरु, रूक्ष)",Sweet (मधुर),"Balances P. Can increase V, K.",Can be very heavy and cause gas if not prepared properly.
Lima Beans (सेम फली),Legumes,338,21,63,0.7,"Sweet, Astringent (मधुर, कषाय)",Cooling (शीत),"Heavy, Dry (गुरु, रूक्ष)",Sweet (मधुर),"Balances P. Can increase V, K.","High protein, can be gas forming."
Adzuki Beans (अजुकी बीन्स),Legumes,329,20,63,0.5,Sweet (मधुर),Cooling (शीत),Light (लघु),Sweet (मधुर),"Balances P, K.","Detoxifying bean, used in East Asian cuisine."
Black Beans (काले बीन्स),Legumes,341,21,63,0.9,Sweet (मधुर),Neutral,"Heavy, Dry (गुरु, रूक्ष)",Sweet (मधुर),Can increase all doshas. Use sparingly.,Rich in fiber. Common in Mexican cuisine.
Pinto Beans (पिंटो बीन्स),Legumes,347,21,63,1,Sweet (मधुर),Neutral,"Heavy, Dry (गुरु, रूक्ष)",Sweet (मधुर),"Can increase V, K.",Commonly used to make refried beans.
Ivy Gourd (कुंदरू/टिंडली),Vegetables,21,1.4,4,0.1,"Sweet, Bitter (मधुर, तिक्त)",Cooling (शीत),Light (लघु),Sweet (मधुर),"Balances P, K. May increase V.","Common Indian vegetable, good for blood sugar."
Teasel Gourd (कंटोला),Vegetables,44,2.1,8.1,1.6,"Bitter, Astringent (तिक्त, कषाय)",Cooling (शीत),"Light, Dry (लघु, रूक्ष)",Pungent (कटु),"Balances K, P. Can increase V.","Anti-inflammatory, promotes digestion. A prized seasonal vegetable."
Kohlrabi (गांठ गोभी),Vegetables,27,2,6,0.1,"Sweet, Pungent (मधुर, कटु)",Cooling (शीत),"Light, Crisp (लघु, खरा)",Sweet (मधुर),Balances P. Increases V slightly.,Good for digestion and immunity. Crunchy texture.
Turnip (शलगम),Vegetables,28,0.9,6,0.1,"Sweet, Pungent (मधुर, कटु)",Cooling (शीत),Light (लघु),Sweet (मधुर),"Balances P, K. Can increase V.","Improves digestion, mild laxative."
Parsnip (शलगम गाजर),Vegetables,75,1.2,18,0.3,Sweet (मधुर),Heating (उष्ण),Heavy (गुरु),Sweet (मधुर),"Balances V, P. Increases K.","Rich in fiber, good winter food."
Green Papaya (कच्चा पपीता),Vegetables,27,0.5,7,0.1,Astringent (कषाय),Heating (उष्ण),Light (लघु),Pungent (कटु),"Balances V, K.",Excellent for digestion due to papain enzyme. Used as a vegetable.
Plantain (Raw Banana) (कच्चा केला),Vegetables,89,1.1,22.8,0.3,Astringent (कषाय),Heating (उष्ण),Heavy (गुरु),Sweet (मधुर),"Balances V. Increases K, P.",Used in curries and chips. Binding in nature.
Banana Stem (केला थोर),Vegetables,27,0.8,6.2,0.1,Astringent (कषाय),Cooling (शीत),Light (लघु),Pungent (कटु),"Balances P, K. Slightly increases V.",Helps in kidney stones and detoxification. Very high in fiber.
Banana Flower (केला फूल),Vegetables,51,1.6,9.9,0.6,"Astringent, Bitter (कषाय, तिक्त)",Cooling (शीत),"Heavy, Dry (गुरु, रूक्ष)",Pungent (कटु),"Balances P, K. Slightly increases V.","Used in South Indian cuisine, improves female health."
Pumpkin Flowers (कद्दू फूल),Vegetables,20,1.2,3.5,0.3,Sweet (मधुर),Cooling (शीत),Light (लघु),Sweet (मधुर),"Balances P, K.",Rich in antioxidants and vitamins. Often fried as fritters.
Bamboo Shoot (बांस की कोपल),Vegetables,27,2.6,5,0.3,"Bitter, Astringent (तिक्त, कषाय)",Cooling (शीत),Light (लघु),Pungent (कटु),"Balances P, K. May increase V.","Low calorie, rich in fiber. Needs proper preparation."
Broccoli (ब्रोकोली),Vegetables,34,2.8,7,0.4,Astringent (कषाय),Cooling (शीत),"Light, Dry (लघु, रूक्ष)",Pungent (कटु),"Balances P, K. Increases V.",Rich in Vitamin C. Can be gas-forming.
Zucchini (जुकिनी),Vegetables,17,1.2,3.1,0.3,Sweet (मधुर),Cooling (शीत),Light (लघु),Sweet (मधुर),"Balances P, K. May increase V.","Light and cooling vegetable, very easy to cook."
Leek (लीक),Vegetables,61,1.5,14,0.3,"Sweet, Pungent (मधुर, कटु)",Cooling (शीत),Light (लघु),Sweet (मधुर),"Balances P, K. May increase V.",Mild detoxifying vegetable. Part of the onion family.
Spring Onion (हरा प्याज),Vegetables,32,1.8,7,0.2,Pungent (कटु),Heating (उष्ण),Light (लघु),Pungent (कटु),"Balances K. Increases P, V.",Good for heart health and adds fresh flavor.
Celery (अजवाइन पत्ता),Vegetables,16,0.7,3,0.2,"Slightly Bitter, Astringent (तिक्त, कषाय)",Cooling (शीत),Light (लघु),Pungent (कटु),"Balances P, K. May increase V.","Good diuretic, detoxifying."
Lettuce (सलाद पत्ता),Leafy Greens,15,1.4,3,0.2,Sweet (मधुर),Cooling (शीत),Light (लघु),Sweet (मधुर),"Balances P, K. Can increase V.","Soothing, hydrating. Best eaten fresh."
Kale (केल),Leafy Greens,49,4.3,9,0.9,"Bitter, Astringent (तिक्त, कषाय)",Heating (उष्ण),Light (लघु),Pungent (कटु),"Balances K. Increases V, P.","Rich in antioxidants, a modern superfood."
Colocasia Leaves (अरबी पत्ता/पातोड़),Leafy Greens,42,3,6.5,0.5,Astringent (कषाय),Heating (उष्ण),Heavy (गुरु),Pungent (कटु),"Balances V. Increases K, P.","Used in patra rolls, rich in iron. Must be cooked well."
Purslane (कुलफा भाजी),Leafy Greens,20,2,3.4,0.1,"Sour, Salty (अम्ल, लवण)",Heating (उष्ण),"Moist, Light (स्निग्ध, लघु)",Sour (अम्ल),"Balances V, K. Can increase P.",Rich in Omega-3. Common in rural Chhattisgarh.
Gongura / Roselle Leaves (अंबाडी भाजी),Leafy Greens,48,2.5,8.5,0.6,Sour (अम्ल),Heating (उष्ण),"Light, Dry (लघु, रूक्ष)",Sour (अम्ल),"Balances V, K. Increases P.",Very popular sour leafy green in Andhra and Maharashtra.
Sorrel Leaves (खट्टा भाजी),Leafy Greens,22,2,3.2,0.7,Sour (अम्ल),Heating (उष्ण),Light (लघु),Sour (अम्ल),"Balances V, K. Increases P.","Distinctly sour taste, used in soups and curries."
Radish Leaves (मूली पत्ता),Leafy Greens,25,2.6,4,0.2,"Pungent, Bitter (कटु, तिक्त)",Heating (उष्ण),Light (लघु),Pungent (कटु),"Balances K. Increases V, P.","Good for digestion, often stir-fried."
Turnip Greens (शलगम पत्ता),Leafy Greens,32,3.7,7,0.3,Bitter (तिक्त),Cooling (शीत),Light (लघु),Sweet (मधुर),"Balances P. Increases V, K.","Nutritious green, rich in vitamins."
Beet Greens (चुकंदर पत्ता),Leafy Greens,22,2.2,4,0.1,"Bitter, Sweet (तिक्त, मधुर)",Cooling (शीत),Light (लघु),Sweet (मधुर),"Balances P. Increases V, K.","Rich in antioxidants, can be cooked like spinach."
Curry Leaves (करी पत्ता),Herbs,108,6,18,1,"Bitter, Pungent (तिक्त, कटु)",Heating (उष्ण),Light (लघु),Pungent (कटु),"Balances V, K. Can increase P.",Excellent for digestion and hair health.
Mint (पुदीना),Herbs,70,3.8,15,0.9,Pungent (कटु),Cooling (शीत),Light (लघु),Sweet (मधुर),"Balances P, K. Can increase V.","Soothing, aids digestion, good for nausea."
Cilantro (हरा धनिया),Herbs,23,2.1,3.7,0.5,"Bitter, Sweet (तिक्त, मधुर)",Cooling (शीत),Light (लघु),Sweet (मधुर),"Balances P. Can increase V, K.","Fresh garnish, cooling, detoxifying."
Parsley (अजमोद),Herbs,36,3,6,0.8,"Pungent, Bitter (कटु, तिक्त)",Heating (उष्ण),Light (लघु),Pungent (कटु),"Balances K. Increases V, P.","Rich in iron, detoxifying."
Basil (Holy) (तुलसी),Herbs,23,3.2,2.7,0.6,"Pungent, Bitter (कटु, तिक्त)",Heating (उष्ण),Light (लघु),Pungent (कटु),"Balances V, K. Increases P.","Sacred herb, immunity booster."
Bael Fruit (बेल),Fruits,137,1.8,31,0.3,"Sweet, Astringent (मधुर, कषाय)",Cooling (शीत),Heavy (गुरु),Sweet (मधुर),"Balances P, K. May increase V.","Excellent for digestion, relieves constipation."
Wood Apple (कैथ),Fruits,134,7.1,18.1,3.7,"Sweet, Astringent (मधुर, कषाय)",Cooling (शीत),Heavy (गुरु),Sweet (मधुर),"Balances P, K.","Strengthens digestion, laxative."
Tamarind (इमली),Fruits,239,2.8,62,0.6,Sour (अम्ल),Heating (उष्ण),"Heavy, Moist (गुरु, स्निग्ध)",Sour (अम्ल),"Balances V, K. Increases P.","Digestive, used as a souring agent."
Karonda (करोंदा),Fruits,42,0.6,9.6,0.6,"Sour, Astringent (अम्ल, कषाय)",Heating (उष्ण),"Light, Dry (लघु, रूक्ष)",Pungent (कटु),"Balances K, P. Can increase V.","Rich in iron, used in pickles and chutneys."
Phalsa (फालसा),Fruits,55,0.9,13,0.1,"Sour, Sweet (अम्ल, मधुर)",Cooling (शीत),Light (लघु),Sweet (मधुर),Balances P. Can increase V.,"Relieves heat, thirst-quenching summer berry."
Ber (Indian Jujube) (बेर),Fruits,79,1.2,20,0.2,"Sweet, Sour (मधुर, अम्ल)",Cooling (शीत),Light (लघु),Sweet (मधुर),"Balances V, P. Can increase K.","Rich in vitamin C, calming."
Starfruit (कमरख),Fruits,31,1,7,0.3,"Sour, Sweet (अम्ल, मधुर)",Cooling (शीत),Light (लघु),Sweet (मधुर),"Balances P, K. Can increase V.","Hydrating fruit, high in vitamin C. Avoid in kidney issues."
Rose Apple (जामरोज),Fruits,25,0.6,6,0.3,"Sweet, Astringent (मधुर, कषाय)",Cooling (शीत),Light (लघु),Sweet (मधुर),Balances P. Can increase V.,"Hydrating, good for diabetes."
Langra Mango (लंगड़ा आम),Fruits,70,0.8,18,0.4,Sweet (मधुर),Heating (उष्ण),Heavy (गुरु),Sweet (मधुर),"Balances V, P. Increases K.","Energizing, boosts immunity."
Totapuri Mango (तोतापुरी आम),Fruits,65,0.6,17,0.4,"Sour, Sweet (अम्ल, मधुर)",Heating (उष्ण),Heavy (गुरु),Sour (अम्ल),"Balances V, K. Increases P.","Tangy mango variety, improves digestion."
Chikoo (सपोटा),Fruits,83,0.4,20,1.1,Sweet (मधुर),Heating (उष्ण),Heavy (गुरु),Sweet (मधुर),"Balances V. Increases K, P.","Rich in natural sugars, energy boosting."
Custard Apple (सीताफल),Fruits,94,2.1,23.6,0.3,Sweet (मधुर),Cooling (शीत),"Heavy, Oily (गुरु, स्निग्ध)",Sweet (मधुर),"Balances V, P. Increases K.","Nutritious, high in natural sugars and magnesium."
Lychee (लीची),Fruits,66,0.8,17,0.4,Sweet (मधुर),Cooling (शीत),Light (लघु),Sweet (मधुर),"Balances V, P. Increases K.","Hydrating, rich in vitamin C."
Longan (लॉन्गन),Fruits,60,1.3,15,0.1,Sweet (मधुर),Cooling (शीत),Light (लघु),Sweet (मधुर),"Balances P, V. Increases K.",Used in Ayurveda for vitality.
Mangosteen (मंगोस्तीन),Fruits,73,0.4,18,0.6,"Sweet, Sour (मधुर, अम्ल)",Cooling (शीत),Light (लघु),Sweet (मधुर),"Balances P, K. Can increase V.","Known as 'queen of fruits', antioxidant-rich."
Dragon Fruit (पिताया),Fruits,60,1.2,13,0.4,Sweet (मधुर),Cooling (शीत),Light (लघु),Sweet (मधुर),Balances P. May increase V.,"Rich in fiber, hydrating."
Avocado (एवोकाडो),Fruits,160,2,9,15,Sweet (मधुर),Cooling (शीत),"Heavy, Oily (गुरु, स्निग्ध)",Sweet (मधुर),"Balances V, P. Increases K.","Healthy fats, heart protective."
Green Grapes (हरे अंगूर),Fruits,67,0.6,17,0.2,"Sweet, Sour (मधुर, अम्ल)",Cooling (शीत),Light (लघु),Sweet (मधुर),"Balances V, P.","Refreshing, hydrating."
Black Grapes (काले अंगूर),Fruits,70,0.7,18,0.3,"Sweet, Astringent (मधुर, कषाय)",Cooling (शीत),Heavy (गुरु),Sweet (मधुर),"Balances V, P.",Rich in antioxidants.
Green Apple (हरा सेब),Fruits,52,0.3,14,0.2,"Sour, Sweet (अम्ल, मधुर)",Cooling (शीत),Light (लघु),Sweet (मधुर),"Balances P, V. Can increase K.",Good for digestion and weight loss.
Black Raisins (काली किशमिश),Dry Fruits,299,3.3,79,0.5,Sweet (मधुर),Heating (उष्ण),Heavy (गुरु),Sweet (मधुर),Balances V. Can increase K.,"Strengthening, blood purifier."
Golden Raisins (पीली किशमिश),Dry Fruits,302,3.4,80,0.6,Sweet (मधुर),Heating (उष्ण),Heavy (गुरु),Sweet (मधुर),Balances V. Can increase K.,"Improves stamina, sweetener alternative."
Dry Apricot (सूखी खुबानी),Dry Fruits,241,3.4,63,0.5,Sweet (मधुर),Heating (उष्ण),Heavy (गुरु),Sweet (मधुर),Balances V. Can increase K.,"Good for skin, rich in iron."
Dry Fig (सूखा अंजीर),Dry Fruits,249,3.3,64,0.9,Sweet (मधुर),Heating (उष्ण),Heavy (गुरु),Sweet (मधुर),"Balances V. Can increase K, P.",Improves digestion and fertility.
Dry Dates (छुहारा),Dry Fruits,282,2.5,75,0.4,Sweet (मधुर),Heating (उष्ण),Very Heavy (अति गुरु),Sweet (मधुर),"Balances V. Increases K, P.","Very strengthening, aphrodisiac."
Prunes (सूखा आलूबुखारा),Dry Fruits,240,2.2,64,0.4,"Sweet, Sour (मधुर, अम्ल)",Heating (उष्ण),Heavy (गुरु),Sweet (मधुर),"Balances V. Can increase K, P.","Natural laxative, improves bone health."
Pine Nuts (चिलगोज़ा),Nuts,673,14,13,68,Sweet (मधुर),Heating (उष्ण),Heavy (गुरु),Sweet (मधुर),Balances V. Can increase K.,"Nourishing, can be heavy to digest."
Brazil Nuts (ब्राज़ील नट),Nuts,656,14,12,66,Sweet (मधुर),Heating (उष्ण),"Heavy, Oily (गुरु, स्निग्ध)",Sweet (मधुर),Balances V. Can increase K.,"High in selenium, boosts thyroid."
Macadamia Nuts (मैकाडेमिया),Nuts,718,8,14,76,Sweet (मधुर),Heating (उष्ण),Heavy (गुरु),Sweet (मधुर),Balances V. Can increase K.,Very high in healthy fats.
Hazelnuts (हेज़लनट),Nuts,628,15,17,61,Sweet (मधुर),Heating (उष्ण),"Heavy, Oily (गुरु, स्निग्ध)",Sweet (मधुर),Balances V. Can increase K.,Rich in vitamin E and fiber.
Pecans (पेकन),Nuts,691,9,14,72,Sweet (मधुर),Heating (उष्ण),"Heavy, Oily (गुरु, स्निग्ध)",Sweet (मधुर),"Balances V. Can increase K, P.",Rich in antioxidants.
Chestnuts (शाहबलूत),Nuts,213,2.4,45,2.2,Sweet (मधुर),Cooling (शीत),Light (लघु),Sweet (मधुर),Balances P. Can increase K.,"Low fat, high carbs, energy source."
Poppy Seeds (खसखस),Seeds,525,18,28,42,Sweet (मधुर),Cooling (शीत),"Heavy, Oily (गुरु, स्निग्ध)",Sweet (मधुर),"Balances V, P. Can increase K.","Calming, good for sleep."
Hemp Seeds (भांग बीज),Seeds,553,31,9,49,Sweet (मधुर),Heating (उष्ण),"Heavy, Oily (गुरु, स्निग्ध)",Sweet (मधुर),"Balances V. Increases P, K.",Rich in protein and omega fatty acids.
Nigella Seeds (कलौंजी),Seeds,375,17,44,22,"Pungent, Bitter (कटु, तिक्त)",Heating (उष्ण),Light (लघु),Pungent (कटु),"Balances K, V. Can increase P.",Strong digestive stimulant.
Carom Seeds (अजवाइन),Seeds,305,16,43,25,Pungent (कटु),Heating (उष्ण),"Light, Sharp (लघु, तीक्ष्ण)",Pungent (कटु),"Excellent for V, K. Increases P.",One of the best spices for indigestion and gas.
Mustard (Yellow) (पीली सरसों),Spices,508,26,28,36,Pungent (कटु),Heating (उष्ण),"Sharp, Oily (तीक्ष्ण, स्निग्ध)",Pungent (कटु),"Balances K. Increases P, V.",Milder than black mustard.
Long Pepper (पिप्पली),Spices,374,12,67,2.8,Pungent (कटु),Heating (उष्ण),"Light, Sharp (लघु, तीक्ष्ण)",Pungent (कटु),"Balances K, V. Increases P.","Rejuvenative, especially for the respiratory system."
White Pepper (सफेद मिर्च),Spices,296,11,69,3,Pungent (कटु),Heating (उष्ण),"Light, Sharp (लघु, तीक्ष्ण)",Pungent (कटु),"Balances K. Increases V, P.",Less pungent but more heating than black pepper.
Nutmeg (जायफल),Spices,525,6,49,36,"Astringent, Sweet (कषाय, मधुर)",Heating (उष्ण),Heavy (गुरु),Pungent (कटु),"Balances V. Increases K, P.","Sedative, promotes sleep. Use in very small amounts."
Mace (जावित्री),Spices,475,7,50,32,"Astringent, Sweet (कषाय, मधुर)",Heating (उष्ण),"Sharp, Heavy (तीक्ष्ण, गुरु)",Pungent (कटु),"Balances V. Increases K, P.","Aromatic, digestive stimulant. Outer cover of nutmeg."
Saffron (केसर),Spices,310,11,65,6,"Bitter, Sweet (तिक्त, मधुर)",Heating (उष्ण),Light (लघु),Sweet (मधुर),Balances all doshas.,"Rejuvenating, precious spice."
Dry Mango Powder (अमचूर),Spices,360,2,90,0.5,Sour (अम्ल),Cooling (शीत),Light (लघु),Sour (अम्ल),"Balances V, K. Increases P.","Tangy spice, vitamin C rich."
Pomegranate Seed Powder (अनारदाना),Spices,300,3,70,1,"Sour, Astringent (अम्ल, कषाय)",Heating (उष्ण),"Light, Dry (लघु, रूक्ष)",Sour (अम्ल),"Balances V, K. Increases P.",Used as a souring agent in North Indian cooking.
Rock Sugar (मिश्री),Sweeteners,385,0,100,0,Sweet (मधुर),Cooling (शीत),Heavy (गुरु),Sweet (मधुर),"Balances V, P. Can increase K.","Unrefined sugar, cooling in nature. Better than white sugar."
Palm Sugar (ताड़ शुगर),Sweeteners,386,0,95,0,Sweet (मधुर),Cooling (शीत),Heavy (गुरु),Sweet (मधुर),"Balances V, P. Can increase K.",Traditional sweetener with a lower glycemic index.
Coconut Sugar (नारियल शुगर),Sweeteners,375,0,92,0,Sweet (मधुर),Cooling (शीत),Heavy (गुरु),Sweet (मधुर),"Balances V, P. Can increase K.",Made from coconut palm sap.
Molasses (गुड़ का सिरका),Sweeteners,290,0,75,0,Sweet (मधुर),Heating (उष्ण),Heavy (गुरु),Sweet (मधुर),"Balances V. Increases K, P.",Rich in minerals like iron.
Vinegar (Apple Cider) (सिरका),Miscellaneous,21,0,1,0,Sour (अम्ल),Heating (उष्ण),"Light, Sharp (लघु, तीक्ष्ण)",Sour (अम्ल),"Balances V, K. Strongly increases P.",Used in small amounts to aid digestion. Very Pitta-aggravating.
Tofu (टोफू),Prepared Food,76,8,1.9,4.8,"Astringent, Sweet (कषाय, मधुर)",Cooling (शीत),"Light, Dry (लघु, रूक्ष)",Sweet (मधुर),"Balances P, K. Can increase V.",Soybean curd. Lighter than paneer. Can be drying for Vata.
Tempeh (टेम्पेह),Prepared Food,193,19,9,11,"Sweet, Astringent (मधुर, कषाय)",Heating (उष्ण),Heavy (गुरु),Sweet (मधुर),"Balances V. Increases K, P.",Fermented soybean cake. Easier to digest than plain soy.
Papadum (Roasted) (पापड़म),Prepared Food,371,22,59,1.5,Salty (लवण),Heating (उष्ण),"Light, Dry (लघु, रूक्ष)",Pungent (कटु),"Can increase V, P. Balances K.",Roasted is better than fried.
Pickle (Mango) (आम का अचार),Prepared Food,200,2,15,15,"Sour, Salty, Pungent",Very Heating (अति उष्ण),"Heavy, Sharp (गुरु, तीक्ष्ण)",Sour (अम्ल),"Strongly increases P. Increases V, K.",Use in tiny amounts as a digestive aid. Excess is harmful.
Chutney (Mint-Coriander) (चटनी),Prepared Food,50,2,8,1,"Pungent, Sour (कटु, अम्ल)",Cooling (शीत),"Light, Liquid (लघु, द्रव)",Pungent (कटु),"Balances P, K. Can increase V.",Fresh chutney aids digestion. Very different from pickles.
Khandvi (खांडवी),Prepared Food,152,5,15,8,"Sweet, Salty (मधुर, लवण)",Cooling (शीत),"Light, Unctuous (लघु, स्निग्ध)",Sweet (मधुर),"Balances V, P. Can increase K.",Gram flour and yogurt roll. Light and savory snack.
Upma (उपमा),Prepared Food,200,5,30,7,"Sweet, Salty (मधुर, लवण)",Heating (उष्ण),"Light, Dry (लघु, रूक्ष)",Sweet (मधुर),"Balances K, P. Can increase V.",Savory semolina porridge. Easy to digest when moist.
Idiyappam (String Hoppers) (इडियप्पम),Prepared Food,130,2,29,0.2,Sweet (मधुर),Cooling (शीत),Light (लघु),Sweet (मधुर),"Balances V, P. Can increase K.",Steamed rice flour noodles. Very light and digestible.
Appam (अप्पम),Prepared Food,120,3,25,1,"Sweet, Sour (मधुर, अम्ल)",Cooling (शीत),Light (लघु),Sweet (मधुर),"Balances V, P. Can increase K.",Fermented rice pancake. Light and soft.
Puttu (पुट्टु),Prepared Food,150,3,32,1,Sweet (मधुर),Cooling (शीत),"Heavy, Dry (गुरु, रूक्ष)",Sweet (मधुर),"Can increase V, K.",Steamed cylinders of ground rice and coconut.
Thepla (थेपला),Prepared Food,250,8,35,9,"Sweet, Pungent (मधुर, कटु)",Heating (उष्ण),"Light, Oily (लघु, स्निग्ध)",Sweet (मधुर),"Balances V. Can increase P, K.",Gujarati flatbread with fenugreek. Good for travel.
Sattu Flour (सत्तू),Flours,406,20,65,6,"Sweet, Astringent (मधुर, कषाय)",Cooling (शीत),"Light, Dry (लघु, रूक्ष)",Sweet (मधुर),"Balances P, K. Can increase V if taken dry.",Roasted gram flour. Very cooling and strengthening. Excellent summer food.
Barnyard Millet Flour (साँवा आटा),Flours,310,6.5,66,2.5,Sweet (मधुर),Cooling (शीत),"Light, Dry (लघु, रूक्ष)",Sweet (मधुर),"Balances P, K. Can increase V.","Flour from fasting millet, very light."
Kuttu Flour (कुट्टू का आटा),Flours,335,12.6,70.6,3.1,"Sweet, Astringent (मधुर, कषाय)",Heating (उष्ण),"Light, Dry (लघु, रूक्ष)",Sweet (मधुर),"Balances K, V. Can increase P.","Buckwheat flour, common during Navratri fasting."
Rajgira Flour (राजगिरा आटा),Flours,371,14,65,7,"Sweet, Astringent (मधुर, कषाय)",Cooling (शीत),"Light, Dry (लघु, रूक्ष)",Sweet (मधुर),"Balances P, K. Can increase V.","Amaranth flour, gluten-free and high in protein."
Almond Flour (बादाम का आटा),Flours,579,21,22,49,Sweet (मधुर),Heating (उष्ण),"Heavy, Unctuous (गुरु, स्निग्ध)",Sweet (मधुर),"Balances V. Increases P, K.","Gluten-free, high-fat flour. Very nourishing."
Coconut Flour (नारियल का आटा),Flours,443,19,60,14,Sweet (मधुर),Cooling (शीत),"Heavy, Dry (गुरु, रूक्ष)",Sweet (मधुर),"Balances V, P. Can increase K.","High in fiber, absorbs a lot of liquid."
Tapioca Flour (टैपिओका आटा),Flours,358,0.2,88.7,0.2,Sweet (मधुर),Cooling (शीत),Heavy (गुरु),Sweet (मधुर),"Balances V, P. Increases K.","Starchy flour, good binder, used in fasting."
Triticale (ट्रिटिकेल),Grains,338,13,72,2.1,Sweet (मधुर),Cooling (शीत),Heavy (गुरु),Sweet (मधुर),"Balances V, P. Increases K.",Hybrid of wheat and rye. Contains gluten.
Spelt (स्पेल्ट),Grains,338,15,70,2.4,Sweet (मधुर),Cooling (शीत),Heavy (गुरु),Sweet (मधुर),"Balances V, P. Can increase K.","An ancient type of wheat, often easier to digest."
Browntop Millet (कोरले),Millets,343,11.5,67.5,3.5,Sweet (मधुर),Cooling (शीत),"Light, Dry (लघु, रूक्ष)",Sweet (मधुर),"Balances V, P. Can increase K.","Rich in antioxidants, easy to digest."
Sprouted Ragi Flour (अंकुरित रागी आटा),Flours,340,8,73,1.6,Sweet (मधुर),Cooling (शीत),Light (लघु),Sweet (मधुर),Balances all doshas.,Sprouting makes it lighter and more digestible than regular ragi flour.
Navy Beans (सफेद राजमा),Legumes,337,22,61,0.8,Sweet (मधुर),Cooling (शीत),Heavy (गुरु),Sweet (मधुर),"Balances V, P.","Mild flavor, nutritious."
Edamame (कच्चा सोयाबीन),Legumes,122,11,10,5,Sweet (मधुर),Cooling (शीت),Heavy (गुरु),Sweet (मधुर),"Balances V, P. Increases K.",Immature soybeans. Eaten steamed.
Dew Beans / Matki (मटकी),Legumes,343,23,62,1.6,"Sweet, Astringent",Cooling (शीत),"Light, Dry (लघु, रूक्ष)",Sweet (मधुर),"Balances P, K. Can increase V.",Commonly sprouted in Indian cuisine.
Velvet Beans (कौंच बीज),Legumes,332,23,59,1.4,Bitter (तिक्त),Heating (उष्ण),Heavy (गुरु),Pungent (कटु),"Balances V. Increases P, K.","Medicinal bean, known as an aphrodisiac."
Split Pigeon Pea (with skin) (छिलका अरहर),Lentils,340,22,61,1.6,"Astringent, Sweet",Heating (उष्ण),"Light, Dry (लघु, रूक्ष)",Pungent (कटु),"Balances P, K. Can increase V.",Heavier than washed Toor dal due to skin.
Armenian Cucumber (ककड़ी),Vegetables,15,0.7,3,0.2,Sweet (मधुर),Cooling (शीत),Light (लघु),Sweet (मधुर),"Excellent for P. Can increase V, K.","Long, crunchy cucumber variety. Very hydrating."
Red Bell Pepper (लाल शिमला मिर्च),Vegetables,31,1,6,0.3,"Sweet, Pungent (मधुर, कटु)",Heating (उष्ण),Light (लघु),Sweet (मधुर),"Balances V, K. Increases P.",Sweeter and more Pitta-aggravating than green capsicum.
Yellow Bell Pepper (पीली शिमला मिर्च),Vegetables,27,1,6,0.2,Sweet (मधुर),Slightly Heating,Light (लघु),Sweet (मधुर),"Balances V, P, K.",Milder and sweeter than green capsicum.
Daikon Radish (सफ़ेद मूली),Vegetables,18,0.6,4.1,0.1,Pungent (कटु),Heating (उष्ण),"Light, Sharp (लघु, तीक्ष्ण)",Pungent (कटु),Balances all doshas (Tridoshic).,Milder than red radish. Excellent for clearing channels.
Black Carrot (काली गाजर),Vegetables,35,1,8,0.2,"Sweet, Pungent (मधुर, कटु)",Heating (उष्ण),Light (लघु),Pungent (कटु),"Balances V, K. Increases P.",Used to make Kanji. Very high in antioxidants.
Kachri (कचरी),Vegetables,20,1,4,0.1,"Sour, Bitter (अम्ल, तिक्त)",Heating (उष्ण),"Light, Dry (लघु, रूक्ष)",Sour (अम्ल),"Balances V, K. Increases P.",Wild cucumber used as a souring agent and meat tenderizer in Rajasthan.
Gunda / Lasora (गुंदा),Vegetables,60,1.5,14,0.2,"Astringent, Sweet (कषाय, मधुर)",Cooling (शीत),"Unctuous, Heavy (स्निग्ध, गुरु)",Sweet (मधुर),"Balances V, P. Increases K.","Glueberry, used for making pickles. Slimy texture."
Fennel Bulb (सौंफ का बल्ब),Vegetables,31,1.2,7,0.2,Sweet (मधुर),Cooling (शीत),Light (लघु),Sweet (मधुर),"Excellent for P. Balances V, K.",Crunchy with a mild licorice flavor. Aids digestion.
Artichoke (हाथी चक),Vegetables,47,3.3,11,0.2,"Bitter, Astringent (तिक्त, कषाय)",Cooling (शीत),"Light, Dry (लघु, रूक्ष)",Pungent (कटु),"Excellent for P, K. Increases V.",Good for liver health and detoxification.
Asparagus (शतावरी),Vegetables,20,2.2,3.9,0.1,"Sweet, Bitter (मधुर, तिक्त)",Cooling (शीत),Light (लघु),Sweet (मधुर),"Excellent for P. Balances V, K.","Diuretic, good for urinary tract."
Butternut Squash (बटरनट स्क्वैश),Vegetables,45,1,12,0.1,Sweet (मधुर),Cooling (शीत),Heavy (गुरु),Sweet (मधुर),"Balances V, P. Increases K.","Sweet, nutty flavor. Grounding and nourishing."
Spaghetti Squash (स्पेगेटी स्क्वैश),Vegetables,31,0.6,7,0.6,Sweet (मधुर),Cooling (शीत),Light (लघु),Sweet (मधुर),"Balances P, K.",Flesh separates into noodle-like strands when cooked.
Chayote Squash (चाउ चाउ),Vegetables,19,0.8,4.5,0.1,Sweet (मधुर),Cooling (शीत),Light (लघु),Sweet (मधुर),Balances all doshas (Tridoshic).,Mild and watery vegetable. Easy to digest.
White Pumpkin (सफ़ेद कद्दू),Vegetables,20,1,4,0.1,Sweet (मधुर),Cooling (शीत),Light (लघु),Sweet (मधुर),Balances all doshas (Tridoshic).,Often used in South Indian cooking like Avial.
Red Pumpkin (लाल कद्दू),Vegetables,26,1,7,0.1,Sweet (मधुर),Slightly Heating,Heavy (गुरु),Sweet (मधुर),"Balances V. Can increase P, K.",Sweet and grounding. Good for Vata.
Air Potato (जंगली आलू),Vegetables,120,2,28,0.2,"Sweet, Bitter (मधुर, तिक्त)",Heating (उष्ण),"Heavy, Dry (गुरु, रूक्ष)",Sweet (मधुर),"Balances V, K. Can increase P.",A type of yam that grows on a vine.
Purple Yam (रतालू),Vegetables,118,1.5,28,0.2,Sweet (मधुर),Heating (उष्ण),Heavy (गुरु),Sweet (मधुर),"Balances V. Increases K, P.","Deep purple color, rich in antioxidants."
Chana Saag (चना भाजी),Leafy Greens,40,4,6,0.5,"Sour, Astringent (अम्ल, कषाय)",Heating (उष्ण),"Light, Dry (लघु, रूक्ष)",Sour (अम्ल),"Balances V, K. Increases P.",Tender greens of the chickpea plant. A winter delicacy.
Poi Saag (पोई साग),Leafy Greens,19,1.8,3.4,0.3,Sweet (मधुर),Cooling (शीत),"Unctuous, Heavy (स्निग्ध, गुरु)",Sweet (मधुर),"Excellent for V, P. Increases K.","Malabar Spinach. Slimy texture, very nourishing."
Lal Bhaji (लाल भाजी),Leafy Greens,23,2.5,4,0.3,"Sweet, Astringent (मधुर, कषाय)",Cooling (शीत),"Light, Dry (लघु, रूक्ष)",Sweet (मधुर),"Balances P, K. Can increase V.",Red Amaranth greens. A common and nutritious bhaji.
Patua Bhaji (पटुआ भाजी),Leafy Greens,30,3,5,0.4,Bitter (तिक्त),Heating (उष्ण),"Light, Dry (लघु, रूक्ष)",Pungent (कटु),"Balances K, V. Increases P.",Jute leaves. Common in Bengal and Chhattisgarh.
Sun Suniya Bhaji (सुनसुनिया भाजी),Leafy Greens,25,2,4,0.2,Slightly Bitter (तिक्त),Cooling (शीत),"Light, Dry (लघु, रूक्ष)",Pungent (कटु),"Balances P, K. Can increase V.","A local wild green of Chhattisgarh, known for its calming properties."
Brahmi Leaves (ब्राह्मी),Herbs,20,1.5,3,0.1,"Bitter, Astringent (तिक्त, कषाय)",Cooling (शीत),Light (लघु),Sweet (मधुर),Balances all doshas (Tridoshic).,Famous brain tonic (medhya rasayana).
Gotu Kola (मंडूकपर्णी),Herbs,35,2,6,0.2,Bitter (तिक्त),Cooling (शीत),Light (लघु),Sweet (मधुर),Balances all doshas (Tridoshic).,"Another excellent brain tonic, often confused with Brahmi."
Tendu Fruit (तेंदू फल),Fruits,81,0.6,18,0.3,"Sweet, Astringent (मधुर, कषाय)",Cooling (शीत),Heavy (गुरु),Sweet (मधुर),"Balances V, P. Can increase K.",A wild fruit of Chhattisgarh from which Tendu patta (for bidis) is harvested.
Ramphal (रामफल),Fruits,101,1.7,25,0.6,Sweet (मधुर),Cooling (शीत),"Heavy, Unctuous (गुरु, स्निग्ध)",Sweet (मधुर),"Balances V, P. Increases K.","A type of custard apple, slightly less sweet."
Star Gooseberry (हरफड़ौरी),Fruits,44,1,10,0.3,"Sour, Astringent (अम्ल, कषाय)",Cooling (शीत),Light (लघु),Sour (अम्ल),Balances P. Can increase V.,"Very sour, used for making pickles and preserves."
Cape Gooseberry (रसभरी),Fruits,53,1.9,11,0.7,"Sweet, Sour (मधुर, अम्ल)",Heating (उष्ण),Light (लघु),Sweet (मधुर),"Balances V, K. Can increase P.","Tangy berry, rich in Vitamin C."
Tamarillo (टमारिल्लो),Fruits,31,1.5,5.5,0.5,"Sour, Astringent (अम्ल, कषाय)",Heating (उष्ण),Light (लघु),Sour (अम्ल),"Balances V, K. Increases P.","Tree tomato. Tangy flavor, used in chutneys."
Dasheri Mango (दशहरी आम),Fruits,60,0.8,15,0.4,Very Sweet (अति मधुर),Heating (उष्ण),Heavy (गुरु),Sweet (मधुर),"Balances V. Increases P, K.",Famous North Indian mango variety.
Alphonso Mango (हापुस आम),Fruits,60,0.8,15,0.4,Sweet (मधुर),Heating (उष्ण),"Heavy, Unctuous (गुरु, स्निग्ध)",Sweet (मधुर),"Balances V. Increases P, K.",Considered the 'king of mangoes'. Richer and heavier.
Kesar Mango (केसर आम),Fruits,60,0.8,15,0.4,Sweet (मधुर),Heating (उष्ण),Heavy (गुरु),Sweet (मधुर),"Balances V. Increases P, K.",Saffron-hued pulp. Sweet and aromatic.
Chausa Mango (चौसा आम),Fruits,60,0.8,15,0.4,Sweet (मधुर),Heating (उष्ण),Heavy (गुरु),Sweet (मधुर),"Balances V. Increases P, K.",Very sweet with a distinct flavor.
Kasoori Methi (कसूरी मेथी),Herbs,320,20,55,6,Bitter (तिक्त),Heating (उष्ण),"Light, Dry (लघु, रूक्ष)",Pungent (कटु),"Excellent for V, K. Increases P.",Dried fenugreek leaves. Very aromatic.
Kala Jeera (काला जीरा),Spices,375,18,44,22,Pungent (कटु),Heating (उष्ण),"Light, Dry (लघु, रूक्ष)",Pungent (कटु),"Balances K, V. Increases P.",Black Cumin. More pungent and darker than regular cumin.
Ajmod (अजमोद),Spices,350,16,40,20,Pungent (कटु),Heating (उष्ण),"Light, Sharp (लघु, तीक्ष्ण)",Pungent (कटु),"Excellent for V, K. Increases P.",Celery seeds. Good for joint pain and digestion.
Dagad Phool (दगड़ फूल),Spices,0,0,0,0,"Bitter, Astringent (तिक्त, कषाय)",Cooling (शीत),"Light, Dry (लघु, रूक्ष)",Pungent (कटु),"Balances P, K.","Black Stone Flower, a type of lichen used in spice blends."
Mulethi (मुलेठी),Herbs,350,10,70,1,Sweet (मधुर),Cooling (शीत),"Heavy, Unctuous (गुरु, स्निग्ध)",Sweet (मधुर),"Excellent for V, P. Increases K.",Licorice Root. Excellent for cough and sore throat.
Dry Garlic Powder (लहसुन पाउडर),Spices,331,17,73,0.7,Pungent (कटु),Heating (उष्ण),"Light, Sharp (लघु, तीक्ष्ण)",Pungent (कटु),"Balances V, K. Increases P.",Concentrated garlic flavor. Very heating.
Onion Powder (प्याज पाउडर),Spices,341,10,79,1,"Pungent, Sweet (कटु, मधुर)",Heating (उष्ण),Light (लघु),Sweet (मधुर),"Balances V, K. Increases P.",Provides onion flavor without the texture.
Mango Ginger (आम हल्दी),Spices,60,1.5,13,0.5,Pungent (कटु),Cooling (शीत),Light (लघु),Pungent (कटु),"Excellent for P. Balances V, K.",A rhizome that smells like raw mango. Digestive and cooling.
White Turmeric (अम्बा हल्दी),Spices,50,1.2,11,0.3,"Pungent, Bitter (कटु, तिक्त)",Cooling (शीत),Light (लघु),Pungent (कटु),"Excellent for P. Balances V, K.",Also called Zedoary. Used in pickles and for skincare.
Lemon Grass (गवती चाय),Herbs,99,1.8,25,0.5,Pungent (कटु),Cooling (शीत),"Light, Sharp, Dry (लघु, तीक्ष्ण, रूक्ष)",Pungent (कटु),"Balances V, K. Can increase P in excess.",Used in teas. Good for digestion and fever.
Galangal (कुलींजन),Spices,71,1.2,15,0.8,Pungent (कटु),Heating (उष्ण),"Light, Sharp (लघु, तीक्ष्ण)",Pungent (कटु),"Excellent for V, K. Increases P.","Related to ginger and turmeric, used in Thai cuisine."
Panch Phoron (पंच फोरन),Spice Blends,400,18,40,25,Mixed,Heating (उष्ण),"Light, Sharp (लघु, तीक्ष्ण)",Pungent (कटु),"Balances V, K. Increases P.","Bengali 5-spice blend (fenugreek, nigella, cumin, mustard, fennel)."
Garam Masala (गरम मसाला),Spice Blends,410,15,45,20,"Pungent, Sweet (कटु, मधुर)",Very Heating (अति उष्ण),"Light, Sharp, Dry (लघु, तीक्ष्ण, रूक्ष)",Pungent (कटु),"Balances K, V. Strongly increases P.",A blend of heating spices. Used at the end of cooking.
Chaat Masala (चाट मसाला),Spice Blends,350,10,60,8,"Sour, Salty, Pungent",Heating (उष्ण),"Light, Sharp (लघु, तीक्ष्ण)",Sour (अम्ल),"Balances V, K. Increases P.",A tangy spice mix used for snacks and salads.
Sambar Powder (सांभर पाउडर),Spice Blends,420,14,55,18,"Pungent, Astringent (कटु, कषाय)",Heating (उष्ण),"Light, Dry (लघु, रूक्ष)",Pungent (कटु),"Balances V, K. Increases P.",South Indian spice blend for making Sambar.
Rasam Powder (रसम पाउडर),Spice Blends,400,12,50,15,"Pungent, Sour (कटु, अम्ल)",Heating (उष्ण),"Light, Sharp (लघु, तीक्ष्ण)",Pungent (कटु),"Balances V, K. Increases P.","Spice blend for making Rasam, a digestive soup."
Kombucha (कोम्बुचा),Fermented Drink,30,0.5,7,0.1,Sour (अम्ल),Heating (उष्ण),"Light, Liquid (लघु, द्रव)",Sour (अम्ल),"Balances V, K. Increases P.",Fermented tea. A modern probiotic drink.
Kefir (Milk) (दूध केफिर),Fermented Drink,60,3,5,3.5,Sour (अम्ल),Cooling (शीत),"Heavy, Liquid (गुरु, द्रव)",Sour (अम्ल),"Balances V, P. Can increase K.","Fermented milk drink, stronger probiotic than yogurt."
Lassi (Salted) (नमकीन लस्सी),Dairy Drink,50,3,5,2,"Sour, Salty (अम्ल, लवण)",Cooling (शीत),"Light, Liquid (लघु, द्रव)",Sour (अम्ल),"Balances V, P. Good for K in moderation.",Yogurt drink with salt and spices. Better for digestion than sweet lassi.
Shrikhand (श्रीखंड),Prepared Food,250,8,30,10,"Sweet, Sour (मधुर, अम्ल)",Cooling (शीत),"Very Heavy, Unctuous (अति गुरु, स्निग्ध)",Sweet (मधुर),"Balances V, P. Strongly increases K.",Strained yogurt sweet dish. Very heavy.
Chhena Poda (छेना पोड़ा),Prepared Food,300,15,25,15,Sweet (मधुर),Heating (उष्ण),Heavy (गुरु),Sweet (मधुर),"Balances V. Increases P, K.",Baked cheese dessert from Odisha.
Uttapam (उत्तपम),Prepared Food,180,5,32,3,"Sweet, Sour (मधुर, अम्ल)",Cooling (शीत),Heavy (गुरु),Sweet (मधुर),"Balances V, P. Increases K.",Thick fermented pancake with vegetable toppings.
Rava Dosa (रवा डोसा),Prepared Food,150,3,25,4,Sweet (मधुर),Cooling (शीत),"Very Light, Dry, Crisp (अति लघु, रूक्ष, खरा)",Sweet (मधुर),"Strongly increases V. Balances P, K.",Instant dosa from semolina. Very drying.
Paniyaram / Appe (पनियारम),Prepared Food,180,4,30,5,"Sweet, Sour (मधुर, अम्ल)",Cooling (शीत),"Heavy, Oily (गुरु, स्निग्ध)",Sweet (मधुर),"Balances V, P. Increases K.",Steamed dumplings from dosa batter.
Khaman (खमन),Prepared Food,160,8,20,5,"Sweet, Sour (मधुर, अम्ल)",Heating (उष्ण),"Light, Dry (लघु, रूक्ष)",Sour (अम्ल),"Can increase V, P. Balances K.","Steamed, spongy gram flour cake."
Handvo (हांडवो),Prepared Food,250,10,30,10,"Sweet, Sour, Pungent",Heating (उष्ण),"Heavy, Dry (गुरु, रूक्ष)",Sweet (मधुर),"Can increase V, P. Balances K.",Savory baked lentil and rice cake.
Amla Murabba (आंवला मुरब्बा),Prepared Food,250,1,65,0.5,"Sweet, Sour (मधुर, अम्ल)",Cooling (शीत),Heavy (गुरु),Sweet (मधुर),"Balances all doshas, especially Pitta.",Sweet preserve of Indian gooseberry. A rejuvenator.
Gulkand (गुलकंद),Prepared Food,300,0.5,75,0.2,Sweet (मधुर),Very Cooling (अति शीत),"Heavy, Unctuous (गुरु, स्निग्ध)",Sweet (मधुर),Excellent for Pitta. Balances V. Increases K.,Rose petal preserve. Excellent for acidity and heat.
Chyawanprash (च्यवनप्राश),Prepared Food,320,2,75,2,Mixed,Heating (उष्ण),"Heavy, Unctuous (गुरु, स्निग्ध)",Sweet (मधुर),"Balances all doshas, especially Vata & Kapha.",Ayurvedic jam for immunity (Rasayana).
Tamarind Candy (इमली कैंडी),Prepared Food,350,1,85,1,"Sour, Sweet (अम्ल, मधुर)",Heating (उष्ण),Light (लघु),Sour (अम्ल),"Balances V, K. Increases P.",Digestive candy.
Sesame Chikki (तिल चिक्की),Prepared Food,500,12,45,30,Sweet (मधुर),Heating (उष्ण),"Heavy, Unctuous (गुरु, स्निग्ध)",Sweet (मधुर),"Excellent for V. Can increase P, K.",Brittle made from sesame seeds and jaggery. A winter sweet.
Peanut Chikki (मूंगफली चिक्की),Prepared Food,520,15,40,35,Sweet (मधुर),Heating (उष्ण),"Heavy, Unctuous (गुरु, स्निग्ध)",Sweet (मधुर),"Excellent for V. Can increase P, K.",Brittle made from peanuts and jaggery.
Murabba (Apple) (सेब का मुरब्बा),Prepared Food,260,0.5,68,0.2,Sweet (मधुर),Cooling (शीत),Heavy (गुरु),Sweet (मधुर),"Balances V, P. Increases K.",Sweet apple preserve. Good for strength.
Murabba (Bael) (बेल का मुरब्बा),Prepared Food,270,1,70,0.3,Sweet (मधुर),Cooling (शीत),Heavy (गुरु),Sweet (मधुर),"Balances V, P. Increases K.","Sweet Bael fruit preserve, excellent for digestion."
Pickle (Lemon - Sweet) (नींबू का मीठा अचार),Prepared Food,220,1,55,1,"Sweet, Sour (मधुर, अम्ल)",Cooling (शीत),Heavy (गुरु),Sweet (मधुर),"Balances V, P. Increases K.",Less Pitta-aggravating than spicy pickles.
Pickle (Chili) (मिर्च का अचार),Prepared Food,180,3,8,15,"Pungent, Sour, Salty",Very Heating (अति उष्ण),"Sharp, Dry, Heavy (तीक्ष्ण, रूक्ष, गुरु)",Pungent (कटु),Strongly increases Pitta.,Use with extreme caution. A fiery condiment.
Ghee ( clarified butter),Fats & Oils,897,0,0,99.5,Sweet (मधुर),Cooling (शीत),"Unctuous, Light (स्निग्ध, लघु)",Sweet (मधुर),"Tridoshic, balances all doshas.","Considered the best fat. Improves digestion, memory, and Ojas."
Butter (unsalted,white),Fats & Oils,717,0.9,0.1,81,Sweet (मधुर),Cooling (शीत),"Heavy, Unctuous (गुरु, स्निग्ध)",Sweet (मधुर),"Excellent for V, P. Increases K."
Sunflower Oil,Fats & Oils,884,0,0,100,Sweet (मधुर),Cooling (शीत),Light (लघु),Sweet (मधुर),"Excellent for P. Neutral for V, K.","A light, cooling oil suitable for most cooking."
Safflower Oil,Fats & Oils,884,0,0,100,"Pungent, Sweet (कटु, मधुर)",Heating (उष्ण),"Light, Sharp (लघु, तीक्ष्ण)",Pungent (कटु),"Balances K, V. Increases P.","Heating oil, good for heart health in moderation."
Groundnut Oil (peanut oil),Fats & Oils,884,0,0,100,Sweet (मधुर),Heating (उष्ण),"Heavy, Unctuous (गुरु, स्निग्ध)",Sweet (मधुर),"Balances V. Increases P, K.",A common cooking oil that can be heavy for some.
Castor Oil,Fats & Oils,884,0,0,100,"Sweet, Pungent (मधुर, कटु)",Heating (उष्ण),"Heavy, Sharp, Oily (गुरु, तीक्ष्ण, स्निग्ध)",Sweet (मधुर),"Excellent for V. Can increase P, K.",Primarily used medicinally as a strong purgative (laxative).
Flaxseed Oil,Fats & Oils,884,0,0,100,Sweet (मधुर),Heating (उष्ण),"Heavy, Unctuous (गुरु, स्निग्ध)",Sweet (मधुर),"Excellent for V. Increases P, K.",Rich in Omega-3. Not suitable for high-heat cooking.
Avocado Oil,Fats & Oils,884,0,0,100,Sweet (मधुर),Cooling (शीत),"Heavy, Unctuous (गुरु, स्निग्ध)",Sweet (मधुर),"Excellent for V, P. Increases K.",Good for high-heat cooking. Very nourishing.
Olive Oil (Extra Virgin),Fats & Oils,884,0,0,100,"Sweet, Astringent (मधुर, कषाय)",Cooling (शीत),"Heavy, Unctuous (गुरु, स्निग्ध)",Sweet (मधुर),"Excellent for P. Can increase V, K.",Best used unheated in dressings.
Buffalo Milk,Dairy,97,3.8,5.2,6.9,Sweet (मधुर),Cooling (शीत),"Very Heavy, Unctuous (अति गुरु, स्निग्ध)",Sweet (मधुर),"Excellent for V. Increases K, P.",Heavier and more fat-rich than cow's milk. Induces sleep.
Goat Milk,Dairy,69,3.6,4.5,4.1,"Astringent, Sweet (कषाय, मधुर)",Cooling (शीत),"Light, Dry (लघु, रूक्ष)",Pungent (कटु),Balances all doshas (Tridoshic).,Lighter and easier to digest than cow's milk. Good for respiratory issues.
Camel Milk,Dairy,50,3,5,3,"Salty, Sweet (लवण, मधुर)",Cooling (शीत),"Light, Dry (लघु, रूक्ष)",Sweet (मधुर),"Balances V, K. Good for P.",Slightly salty. Considered very therapeutic in Ayurveda.
Condensed Milk,Dairy,321,8,55,8,Sweet (मधुर),Cooling (शीत),Very Heavy (अति गुरु),Sweet (मधुर),"Balances V, P. Heavily increases K.",Very sweet and heavy. Used for desserts.
Evaporated Milk,Dairy,134,6.8,10,7.6,Sweet (मधुर),Cooling (शीत),Heavy (गुरु),Sweet (मधुर),"Balances V, P. Increases K.",Unsweetened condensed milk. Still heavy.
Sour Cream,Dairy,198,2.1,4.6,19.4,Sour (अम्ल),Heating (उष्ण),"Heavy, Unctuous (गुरु, स्निग्ध)",Sour (अम्ल),"Balances V. Increases P, K.",Fermented cream. Very heavy and Pitta-aggravating.
Cream Cheese,Dairy,342,6,6,34,"Sweet, Sour (मधुर, अम्ल)",Cooling (शीत),"Heavy, Unctuous (गुरु, स्निग्ध)",Sweet (मधुर),"Balances V, P. Increases K.",Heavy and Kapha-forming.
Ricotta Cheese,Dairy,174,11,3,13,Sweet (मधुर),Cooling (शीत),"Light, Moist (लघु, स्निग्ध)",Sweet (मधुर),"Balances V, P. Increases K.",Lighter than most cheeses.
Feta Cheese,Dairy,264,14,4,21,"Salty, Sour (लवण, अम्ल)",Heating (उष्ण),"Heavy, Dry (गुरु, रूक्ष)",Sour (अम्ल),"Increases all doshas, especially Pitta.",Very salty and heating.
Parmesan Cheese,Dairy,431,38,4,29,Salty (लवण),Heating (उष्ण),"Heavy, Dry, Hard (गुरु, रूक्ष, खर)",Sweet (मधुर),Increases all doshas.,"Very dry, hard, and salty."
Mozzarella Cheese (Fresh),Dairy,280,28,3.1,17,Sweet (मधुर),Cooling (शीत),"Heavy, Unctuous (गुरु, स्निग्ध)",Sweet (मधुर),"Balances V, P. Increases K.",Softer and moister than aged cheeses.
Khandvi,Prepared Food,152,5,15,8,"Sweet, Salty (मधुर, लवण)",Cooling (शीत),"Light, Unctuous (लघु, स्निग्ध)",Sweet (मधुर),"Balances V, P. Can increase K.",Gram flour and yogurt roll. Light and savory snack.
Upma,Prepared Food,200,5,30,7,"Sweet, Salty (मधुर, लवण)",Heating (उष्ण),"Light, Dry (लघु, रूक्ष)",Sweet (मधुर),"Balances K, P. Can increase V.",Savory semolina porridge. Easy to digest when moist.
Idiyappam (String Hoppers),Prepared Food,130,2,29,0.2,Sweet (मधुर),Cooling (शीत),Light (लघु),Sweet (मधुर),"Balances V, P. Can increase K.",Steamed rice flour noodles. Very light and digestible.
Appam,Prepared Food,120,3,25,1,"Sweet, Sour (मधुर, अम्ल)",Cooling (शीत),Light (लघु),Sweet (मधुर),"Balances V, P. Can increase K.",Fermented rice pancake. Light and soft.
Puttu,Prepared Food,150,3,32,1,Sweet (मधुर),Cooling (शीत),"Heavy, Dry (गुरु, रूक्ष)",Sweet (मधुर),"Can increase V, K.",Steamed cylinders of ground rice and coconut.
Thepla,Prepared Food,250,8,35,9,"Sweet, Pungent (मधुर, कटु)",Heating (उष्ण),"Light, Oily (लघु, स्निग्ध)",Sweet (मधुर),"Balances V. Can increase P, K.",Gujarati flatbread with fenugreek. Good for travel.
Puran Poli,Prepared Food,350,10,50,12,Sweet (मधुर),Cooling (शीत),"Very Heavy, Unctuous (अति गुरु, स्निग्ध)",Sweet (मधुर),"Balances V, P. Strongly increases K.",Sweet flatbread with lentil stuffing. Very heavy.
Mishti Doi,Prepared Food,180,5,25,7,Sweet (मधुर),Cooling (शीत),"Heavy, Unctuous (गुरु, स्निग्ध)",Sweet (मधुर),"Balances V, P. Strongly increases K.","Sweet, caramelized yogurt from Bengal. Very heavy."
Bisi Bele Bath,Prepared Food,210,8,35,5,Mixed,Heating (उष्ण),"Heavy, Unctuous (गुरु, स्निग्ध)",Sweet (मधुर),"Balances V, K. Can increase P.",Spicy rice and lentil dish from Karnataka.
Pongal (Sweet),Prepared Food,380,10,70,8,Sweet (मधुर),Cooling (शीत),"Heavy, Unctuous (गुरु, स्निग्ध)",Sweet (मधुर),"Balances V, P. Increases K.",Rice and lentil pudding with jaggery.
Pongal (Savory),Prepared Food,250,8,40,6,"Pungent, Salty (कटु, लवण)",Heating (उष्ण),"Heavy, Unctuous (गुरु, स्निग्ध)",Sweet (मधुर),"Balances V. Can increase K, P.",Rice and lentil porridge with black pepper and ghee.
Sabudana Khichdi,Prepared Food,485,1.5,70,23,"Sweet, Salty (मधुर, लवण)",Cooling (शीत),"Heavy, Unctuous, Sticky (गुरु, स्निग्ध, पिच्छिल)",Sweet (मधुर),"Balances V, P. Increases K.","Tapioca pearl dish, often for fasting. Can be heavy."
Sabudana Vada,Prepared Food,320,2,40,17,"Sweet, Salty (मधुर, लवण)",Cooling (शीत),"Very Heavy, Oily (अति गुरु, स्निग्ध)",Sweet (मधुर),"Balances V. Strongly increases K, P.",Deep-fried tapioca fritter. Very heavy.
Vegetable Pulao,Prepared Food,180,4,30,5,"Sweet, Salty (मधुर, लवण)",Cooling (शीत),Light (लघु),Sweet (मधुर),Balances all doshas.,Lightly spiced rice and vegetable dish.
Vegetable Biryani,Prepared Food,250,6,40,8,"Pungent, Salty (कटु, लवण)",Heating (उष्ण),"Heavy, Unctuous (गुरु, स्निग्ध)",Sweet (मधुर),"Balances V, K. Increases P.",Heavier and more spiced than Pulao.
Tamarind Rice,Prepared Food,220,4,35,7,"Sour, Pungent (अम्ल, कटु)",Heating (उष्ण),"Heavy, Dry (गुरु, रूक्ष)",Sour (अम्ल),"Balances V, K. Increases P.",South Indian rice dish. Very Pitta-aggravating.
Lemon Rice,Prepared Food,200,3,30,6,Sour (अम्ल),Heating (उष्ण),"Light, Dry (लघु, रूक्ष)",Sour (अम्ल),"Increases V, P. Balances K.",Light but sour and drying rice dish.
Coconut Rice,Prepared Food,240,4,30,12,Sweet (मधुर),Cooling (शीत),"Heavy, Unctuous (गुरु, स्निग्ध)",Sweet (मधुर),"Balances V, P. Increases K.",Nourishing and cooling rice dish.
Tomato Soup,Prepared Food,74,1.5,16,0.5,"Sour, Sweet (अम्ल, मधुर)",Heating (उष्ण),"Light, Liquid (लघु, द्रव)",Sour (अम्ल),"Balances V, K. Increases P.",Appetizer soup. Sourness can aggravate Pitta.
Lentil Soup (Dal Shorba),Prepared Food,100,6,15,2,"Sweet, Salty (मधुर, लवण)",Cooling (शीत),"Light, Liquid (लघु, द्रव)",Sweet (मधुर),Balances all doshas.,Light and nourishing soup.
Mixed Vegetable Soup,Prepared Food,60,2,12,1,"Sweet, Salty (मधुर, लवण)",Cooling (शीत),"Light, Liquid (लघु, द्रव)",Sweet (मधुर),Balances all doshas.,Easy to digest and nutritious.
Rasam (रसम),Prepared Food,50,1,10,1,"Sour, Pungent (अम्ल, कटु)",Heating (उष्ण),"Light, Liquid, Sharp (लघु, द्रव, तीक्ष्ण)",Pungent (कटु),"Excellent for V, K. Increases P.",Digestive South Indian soup.
Sambar (सांभर),Prepared Food,150,8,20,5,"Sour, Pungent, Astringent",Heating (उष्ण),"Heavy, Liquid (गुरु, द्रव)",Sweet (मधुर),"Balances V, K. Increases P.",Thick lentil and vegetable stew.
Avial (अवियल),Prepared Food,120,4,10,7,"Sweet, Sour (मधुर, अम्ल)",Cooling (शीत),"Heavy, Unctuous (गुरु, स्निग्ध)",Sweet (मधुर),"Balances V, P. Increases K.",Mixed vegetables in a coconut-yogurt base.
Kadhi (kadhi),Prepared Food,100,4,12,4,"Sour, Pungent (अम्ल, कटु)",Heating (उष्ण),"Heavy, Liquid (गुरु, द्रव)",Sour (अम्ल),"Balances V. Increases P, K.",Yogurt and gram flour soup. Can be very heavy.
Roti (Chapati) (रोटी),Prepared Food,120,3.5,25,0.4,Sweet (मधुर),Cooling (शीत),"Heavy, Dry (गुरु, रूक्ष)",Sweet (मधुर),Balances V. Increases K.,Daily staple flatbread. Dryness can increase Vata.
Phulka (फुल्का),Prepared Food,80,3,18,0.3,Sweet (मधुर),Cooling (शीत),"Light, Dry (लघु, रूक्ष)",Sweet (मधुर),"Balances P, K. Increases V.","Puffed up, lighter version of roti."
Paratha (पराठा),Prepared Food,250,6,35,10,Sweet (मधुर),Cooling (शीत),"Very Heavy, Oily (अति गुरु, स्निग्ध)",Sweet (मधुर),"Balances V. Strongly increases K, P.",Pan-fried flatbread. Very heavy.
Naan (नान),Prepared Food,262,9,50,4,Sweet (मधुर),Heating (उष्ण),Very Heavy (अति गुरु),Sweet (मधुर),"Increases K, P.",Leavened bread from a tandoor. Very heavy.
Bhatura (भटूरा),Prepared Food,300,8,50,8,"Sweet, Sour (मधुर, अम्ल)",Heating (उष्ण),"Very Heavy, Oily (अति गुरु, स्निग्ध)",Sweet (मधुर),"Strongly increases K, P. Balances V.",Deep fried leavened bread. Very heavy.
Puri (पूरी),Prepared Food,290,4,30,17,Sweet (मधुर),Cooling (शीत),"Heavy, Oily (गुरु, स्निग्ध)",Sweet (मधुर),"Balances V. Strongly increases K, P.",Deep fried whole wheat bread. Heavy.
Jalebi (जलेबी),Prepared Food,450,4,60,20,Sweet (मधुर),Heating (उष्ण),"Very Heavy, Oily, Sticky (अति गुरु, स्निग्ध, पिच्छिल)",Sweet (मधुर),"Balances V. Strongly increases K, P.","Deep fried, sugar-soaked sweet. Very heavy."
Gulab Jamun (गुलाब जामुन),Prepared Food,350,8,40,18,Sweet (मधुर),Cooling (शीत),"Very Heavy, Unctuous (अति गुरु, स्निग्ध)",Sweet (मधुर),"Balances V, P. Strongly increases K.",Milk-solid based sweet. Very heavy.
Rasgulla (रसगुल्ला),Prepared Food,180,6,35,2,Sweet (मधुर),Cooling (शीत),"Light, Spongy, Moist (लघु, स्निग्ध)",Sweet (मधुर),"Balances V, P. Increases K.",Lighter than most milk-based sweets.
Barfi (बर्फी),Prepared Food,420,10,50,20,Sweet (मधुर),Cooling (शीत),"Very Heavy, Dry (अति गुरु, रूक्ष)",Sweet (मधुर),"Balances V, P. Strongly increases K.",Dense milk-based sweet.
Halwa (Suji) (हलवा),Prepared Food,400,6,50,20,Sweet (मधुर),Heating (उष्ण),"Very Heavy, Unctuous (अति गुरु, स्निग्ध)",Sweet (मधुर),"Excellent for V. Increases K, P.",Semolina pudding. Very nourishing but heavy.
Kheer (खीर),Prepared Food,180,5,30,5,Sweet (मधुर),Cooling (शीत),"Heavy, Liquid, Unctuous (गुरु, द्रव, स्निग्ध)",Sweet (मधुर),"Balances V, P. Increases K.","Rice pudding. Comfort food, Ojas-building."
Job’s Tears (सावा/कोइक्स बीज),Grains,356,12.8,70,1.8,Sweet (मधुर),Cooling (शीत),"Light, Dry (लघु, रूक्ष)",Sweet (मधुर),"Balances K, P. May increase V.",Supports kidney and spleen health. Used as a grain.
Triticale Flour (ट्रिटिकेल आटा),Flours,340,13,72,2.2,Sweet (मधुर),Cooling (शीत),Heavy (गुरु),Sweet (मधुर),"Balances V, P. Increases K.",Flour from the hybrid of wheat and rye. Contains gluten.
Edamame (कच्चा सोयाबीन),Legumes,122,11,10,5,Sweet (मधुर),Cooling (शीत),Heavy (गुरु),Sweet (मधुर),"Balances V, P. Increases K.",Immature soybeans. Eaten steamed.
Breadfruit (ब्रेडफ्रूट),Vegetables,103,1.1,27,0.2,Sweet (मधुर),Cooling (शीत),"Heavy, Dry (गुरु, रूक्ष)",Sweet (मधुर),"Balances V, P. Increases K.","Starchy, used as a potato substitute."
Kachnar Flower (कचनार फूल),Edible Flowers,50,3,10,0.5,Astringent (कषाय),Cooling (शीत),"Light, Dry (लघु, रूक्ष)",Pungent (कटु),"Excellent for P, K. Can increase V.","A beautiful and delicious flower used as a vegetable, especially in North India."
Neem Flower (नीम का फूल),Edible Flowers,40,2,7,0.3,Bitter (तिक्त),Cooling (शीत),"Very Light, Dry (अति लघु, रूक्ष)",Pungent (कटु),"Excellent for P, K. Increases V.",Used in small quantities in dishes like Ugadi Pachadi. Very detoxifying.
Moringa Flower (सहजन फूल),Edible Flowers,52,3,8.2,0.5,"Bitter, Pungent (तिक्त, कटु)",Heating (उष्ण),Light (लघु),Pungent (कटु),"Balances K, V. Increases P.",Nutritious and enhances immunity. Cooked as a vegetable.
Hibiscus Flower (गुड़हल फूल),Edible Flowers,37,0.4,9,0.7,"Astringent, Sweet (कषाय, मधुर)",Cooling (शीत),Light (लघु),Sweet (मधुर),Excellent for Pitta.,Used to make cooling teas and sherbets. Good for hair.
Rose Petals (गुलाब की पंखुड़ियां),Edible Flowers,5,0.2,1,0.1,"Sweet, Bitter, Astringent (मधुर, तिक्त, कषाय)",Cooling (शीत),"Light, Unctuous (लघु, स्निग्ध)",Sweet (मधुर),"Tridoshic, excellent for Pitta.",Used to make Gulkand. Calms the mind and cools the body.
Pumpkin Flowers (कद्दू फूल),Edible Flowers,20,1.2,3.5,0.3,Sweet (मधुर),Cooling (शीत),Light (लघु),Sweet (मधुर),"Balances P, K.",Rich in antioxidants and vitamins. Often fried as fritters.
Agastya Flower (अगस्त्य फूल),Edible Flowers,30,1.5,5,0.2,Bitter (तिक्त),Cooling (शीत),"Light, Dry (लघु, रूक्ष)",Pungent (कटु),"Balances P, K. Increases V.",Used in Ayurveda for eye and respiratory health.
Kalmi Saag (करमत्ता भाजी),Leafy Greens,30,3,5,0.5,"Bitter, Astringent (तिक्त, कषाय)",Cooling (शीत),"Light, Dry (लघु, रूक्ष)",Pungent (कटु),"Excellent for P, K. Can increase V.",Water spinach. Very common in Chhattisgarh. Cleansing and cooling.
Pigeon Pea Leaves (अरहर पत्ता),Leafy Greens,50,4,8,0.4,Bitter (तिक्त),Cooling (शीत),Light (लघु),Pungent (कटु),"Balances K, P. Increases V.","Medicinal, used in traditional remedies for mouth ulcers."
Tendu Fruit (तेंदू फल),Fruits,81,0.6,18,0.3,"Sweet, Astringent (मधुर, कषाय)",Cooling (शीत),Heavy (गुरु),Sweet (मधुर),"Balances V, P. Can increase K.",A wild fruit of Chhattisgarh from which Tendu patta is harvested.
Mahua Flower (महुआ फूल),Edible Flowers,150,2,35,0.5,Sweet (मधुर),Cooling (शीत),"Heavy, Unctuous (गुरु, स्निग्ध)",Sweet (मधुर),"Excellent for V, P. Increases K.",Sweet flower of Central India. Eaten as a vegetable or dried.
Chhundo (छुन्दो),Prepared Food,280,0.5,70,0.1,"Sweet, Pungent (मधुर, कटु)",Heating (उष्ण),"Heavy, Sticky (गुरु, पिच्छिल)",Sweet (मधुर),"Balances V. Increases P, K.",Sweet and spicy grated raw mango pickle from Gujarat.
Gundruk (गुन्द्रुक),Prepared Food,30,2.5,5,0.2,Sour (अम्ल),Heating (उष्ण),"Light, Dry (लघु, रूक्ष)",Sour (अम्ल),"Balances V, K. Increases P.",Fermented leafy green vegetable. A Nepali/Himalayan specialty.
Sinki (सिन्की),Prepared Food,35,2,6,0.3,Sour (अम्ल),Heating (उष्ण),"Light, Dry (लघु, रूक्ष)",Sour (अम्ल),"Balances V, K. Increases P.",Fermented radish taproot pickle. Himalayan specialty.
Flaxseed Oil (अलसी का तेल),Fats & Oils,884,0,0,100,Sweet (मधुर),Heating (उष्ण),"Heavy, Unctuous (गुरु, स्निग्ध)",Sweet (मधुर),"Excellent for V. Increases P, K.",Rich in Omega-3. Not suitable for high-heat cooking.
Avocado Oil (एवोकाडो तेल),Fats & Oils,884,0,0,100,Sweet (मधुर),Cooling (शीत),"Heavy, Unctuous (गुरु, स्निग्ध)",Sweet (मधुर),"Excellent for V, P. Increases K.",Good for high-heat cooking. Very nourishing.
Olive Oil (Extra Virgin) (जैतून का तेल),Fats & Oils,884,0,0,100,"Sweet, Astringent (मधुर, कषाय)",Cooling (शीत),"Heavy, Unctuous (गुरु, स्निग्ध)",Sweet (मधुर),"Excellent for P. Can increase V, K.",Best used unheated in dressings.
Walnut Oil (अखरोट का तेल),Fats & Oils,884,0,0,100,Sweet (मधुर),Heating (उष्ण),"Heavy, Unctuous (गुरु, स्निग्ध)",Sweet (मधुर),"Excellent for V. Increases P, K.","Rich in Omega-3. Best used for finishing, not cooking."
Almond Oil (बादाम का तेल),Fats & Oils,884,0,0,100,Sweet (मधुर),Heating (उष्ण),"Heavy, Unctuous (गुरु, स्निग्ध)",Sweet (मधुर),"Excellent for V. Increases P, K.",Nourishing for the skin and nervous system.
Camel Milk (ऊंटनी का दूध),Dairy,50,3,5,3,"Salty, Sweet (लवण, मधुर)",Cooling (शीत),"Light, Dry (लघु, रूक्ष)",Sweet (मधुर),"Balances V, K. Good for P.",Slightly salty. Considered very therapeutic in Ayurveda.
Condensed Milk (कंडेंस्ड मिल्क),Dairy,321,8,55,8,Sweet (मधुर),Cooling (शीत),Very Heavy (अति गुरु),Sweet (मधुर),"Balances V, P. Heavily increases K.",Very sweet and heavy. Used for desserts.
Sour Cream (खट्टी मलाई),Dairy,198,2.1,4.6,19.4,Sour (अम्ल),Heating (उष्ण),"Heavy, Unctuous (गुरु, स्निग्ध)",Sour (अम्ल),"Balances V. Increases P, K.",Fermented cream. Very heavy and Pitta-aggravating.
Cream Cheese (क्रीम चीज़),Dairy,342,6,6,34,"Sweet, Sour (मधुर, अम्ल)",Cooling (शीत),"Heavy, Unctuous (गुरु, स्निग्ध)",Sweet (मधुर),"Balances V, P. Increases K.",Heavy and Kapha-forming.
Ricotta Cheese (रिकोटा चीज़),Dairy,174,11,3,13,Sweet (मधुर),Cooling (शीत),"Light, Moist (लघु, स्निग्ध)",Sweet (मधुर),"Balances V, P. Increases K.",Lighter than most cheeses.
Feta Cheese (फेटा चीज़),Dairy,264,14,4,21,"Salty, Sour (लवण, अम्ल)",Heating (उष्ण),"Heavy, Dry (गुरु, रूक्ष)",Sour (अम्ल),"Increases all doshas, especially Pitta.",Very salty and heating.
Parmesan Cheese (पार्मेज़ान चीज़),Dairy,431,38,4,29,Salty (लवण),Heating (उष्ण),"Heavy, Dry, Hard (गुरु, रूक्ष, खर)",Sweet (मधुर),Increases all doshas.,"Very dry, hard, and salty."
Mozzarella Cheese (Fresh) (मोज़ेरेला चीज़),Dairy,280,28,3.1,17,Sweet (मधुर),Cooling (शीत),"Heavy, Unctuous (गुरु, स्निग्ध)",Sweet (मधुर),"Balances V, P. Increases K.",Softer and moister than aged cheeses.
White Butter (सफ़ेद मक्खन),Dairy,720,1,0.1,82,Sweet (मधुर),Cooling (शीत),"Heavy, Unctuous (गुरु, स्निग्ध)",Sweet (मधुर),"Balances V, P. Can increase K.",Freshly churned butter. Considered very Sattvic.
Puran Poli (पूरन पोली),Prepared Food,350,10,50,12,Sweet (मधुर),Cooling (शीत),"Very Heavy, Unctuous (अति गुरु, स्निग्ध)",Sweet (मधुर),"Balances V, P. Strongly increases K.",Sweet flatbread with lentil stuffing. Very heavy.
Mishti Doi (मिष्टी दोई),Prepared Food,180,5,25,7,Sweet (मधुर),Cooling (शीत),"Heavy, Unctuous (गुरु, स्निग्ध)",Sweet (मधुर),"Balances V, P. Strongly increases K.","Sweet, caramelized yogurt from Bengal. Very heavy."
Bisi Bele Bath (बिसि बेले भात),Prepared Food,210,8,35,5,Mixed,Heating (उष्ण),"Heavy, Unctuous (गुरु, स्निग्ध)",Sweet (मधुर),"Balances V, K. Can increase P.",Spicy rice and lentil dish from Karnataka.
Pongal (Sweet) (मीठा पोंगल),Prepared Food,380,10,70,8,Sweet (मधुर),Cooling (शीत),"Heavy, Unctuous (गुरु, स्निग्ध)",Sweet (मधुर),"Balances V, P. Increases K.",Rice and lentil pudding with jaggery.
Pongal (Savory) (खारा पोंगल),Prepared Food,250,8,40,6,"Pungent, Salty (कटु, लवण)",Heating (उष्ण),"Heavy, Unctuous (गुरु, स्निग्ध)",Sweet (मधुर),"Balances V. Can increase K, P.",Rice and lentil porridge with black pepper and ghee.
Sabudana Vada (साबूदाना वड़ा),Prepared Food,320,2,40,17,"Sweet, Salty (मधुर, लवण)",Cooling (शीत),"Very Heavy, Oily (अति गुरु, स्निग्ध)",Sweet (मधुर),"Balances V. Strongly increases K, P.",Deep-fried tapioca fritter. Very heavy.
Vegetable Pulao (पुलाव),Prepared Food,180,4,30,5,"Sweet, Salty (मधुर, लवण)",Cooling (शीत),Light (लघु),Sweet (मधुर),Balances all doshas.,Lightly spiced rice and vegetable dish.
Vegetable Biryani (बिरयानी),Prepared Food,250,6,40,8,"Pungent, Salty (कटु, लवण)",Heating (उष्ण),"Heavy, Unctuous (गुरु, स्निग्ध)",Sweet (मधुर),"Balances V, K. Increases P.",Heavier and more spiced than Pulao.
Tamarind Rice (इमली चावल),Prepared Food,220,4,35,7,"Sour, Pungent (अम्ल, कटु)",Heating (उष्ण),"Heavy, Dry (गुरु, रूक्ष)",Sour (अम्ल),"Balances V, K. Increases P.",South Indian rice dish. Very Pitta-aggravating.
Lemon Rice (नींबू चावल),Prepared Food,200,3,30,6,Sour (अम्ल),Heating (उष्ण),"Light, Dry (लघु, रूक्ष)",Sour (अम्ल),"Increases V, P. Balances K.",Light but sour and drying rice dish.
Coconut Rice (नारियल चावल),Prepared Food,240,4,30,12,Sweet (मधुर),Cooling (शीत),"Heavy, Unctuous (गुरु, स्निग्ध)",Sweet (मधुर),"Balances V, P. Increases K.",Nourishing and cooling rice dish.
Tomato Soup (टमाटर सूप),Prepared Food,74,1.5,16,0.5,"Sour, Sweet (अम्ल, मधुर)",Heating (उष्ण),"Light, Liquid (लघु, द्रव)",Sour (अम्ल),"Balances V, K. Increases P.",Appetizer soup. Sourness can aggravate Pitta.
Lentil Soup (दाल शोरबा),Prepared Food,100,6,15,2,"Sweet, Salty (मधुर, लवण)",Cooling (शीत),"Light, Liquid (लघु, द्रव)",Sweet (मधुर),Balances all doshas.,Light and nourishing soup.
Mixed Vegetable Soup (मिक्स वेज सूप),Prepared Food,60,2,12,1,"Sweet, Salty (मधुर, लवण)",Cooling (शीत),"Light, Liquid (लघु, द्रव)",Sweet (मधुर),Balances all doshas.,Easy to digest and nutritious.
Kadhi (कढ़ी),Prepared Food,100,4,12,4,"Sour, Pungent (अम्ल, कटु)",Heating (उष्ण),"Heavy, Liquid (गुरु, द्रव)",Sour (अम्ल),"Balances V. Increases P, K.",Yogurt and gram flour soup. Can be very heavy.
Molasses (शीरा),Sweeteners,290,0,75,0,Sweet (मधुर),Heating (उष्ण),Heavy (गुरु),Sweet (मधुर),"Balances V. Increases K, P.",Rich in minerals like iron.
Giloy Stem (गिलोय),Herbs,20,2,3,0.1,Bitter (तिक्त),Heating (उष्ण),Light (लघु),Sweet (मधुर),Balances all doshas (Tridoshic).,Immunity booster (Rasayana). Used as decoction/powder.
Shatavari Root (शतावरी),Herbs,90,1.5,20,0.2,"Sweet, Bitter (मधुर, तिक्त)",Cooling (शीत),"Heavy, Oily (गुरु, स्निग्ध)",Sweet (मधुर),"Balances V, P.",Rejuvenative for women. Used as powder.
Ashwagandha Root (अश्वगंधा),Herbs,95,2,22,0.3,"Bitter, Astringent (तिक्त, कषाय)",Heating (उष्ण),Heavy (गुरु),Sweet (मधुर),"Balances V, K. Increases P.","Strengthens body, reduces stress. Used as powder."
Triphala Powder (त्रिफला),Herbs,300,2,70,2,Mixed,Cooling (शीत),Light (लघु),Sweet (मधुर),Balances all doshas.,"Detoxifies and rejuvenates. Made of Amla, Haritaki, Bibhitaki."
Arjuna Bark (अर्जुन छाल),Herbs,80,2,20,0.5,"Bitter, Astringent (तिक्त, कषाय)",Cooling (शीत),Heavy (गुरु),Pungent (कटु),"Balances P, K.",Supports heart health. Used as decoction/powder.
Harsingar Leaves (हरसिंगार पत्ता),Herbs,38,2.5,7,0.3,Bitter (तिक्त),Cooling (शीत),Light (लघु),Pungent (कटु),Balances P. Increases V.,Used in fevers and arthritis. Decoction from leaves.
Punarnava (पुनर्नवा),Herbs,40,3,7,0.4,"Bitter, Astringent (तिक्त, कषाय)",Cooling (शीत),"Light, Dry (लघु, रूक्ष)",Sweet (मधुर),"Balances all doshas, especially Kapha.","Diuretic, good for kidney and liver health."
Bhringraj (भृंगराज),Herbs,45,2.5,8,0.5,"Pungent, Bitter (कटु, तिक्त)",Heating (उष्ण),"Light, Dry (लघु, रूक्ष)",Pungent (कटु),"Balances V, K. Increases P.",Excellent for hair health. Used as powder or oil.
Neem Leaves (नीम पत्ता),Herbs,35,3.2,5.5,0.2,Bitter (तिक्त),Cooling (शीत),"Light, Dry (लघु, रूक्ष)",Pungent (कटु),"Balances P, K. Increases V.",Powerful blood purifier.
Stevia Leaf (स्टीविया पत्ता),Herbs,0,0,0,0,Sweet (मधुर),Cooling (शीत),Light (लघु),Sweet (मधुर),"Balances P, K.",Natural zero-calorie sweetener.
Khandsari Sugar (खांडसारी),Sweeteners,380,0.2,99,0,Sweet (मधुर),Cooling (शीत),Heavy (गुरु),Sweet (मधुर),"Balances V, P. Increases K.",Less refined than white sugar. More minerals.
Palm Jaggery (ताड़ गुड़),Sweeteners,380,1,90,0.1,Sweet (मधुर),Cooling (शीत),Heavy (गुरु),Sweet (मधुर),"Balances V, P. Can increase K.",Made from palm sap. Rich in minerals.
Coconut Jaggery (नारियल गुड़),Sweeteners,375,1,90,0.2,Sweet (मधुर),Cooling (शीत),Heavy (गुरु),Sweet (मधुर),"Balances V, P. Can increase K.",Made from coconut palm sap. Distinct flavor.
Semal Flower (सेमल फूल),Edible Flowers,40,2.2,7.1,0.4,"Sweet, Astringent (मधुर, कषाय)",Cooling (शीत),"Heavy, Unctuous (गुरु, स्निग्ध)",Sweet (मधुर),Excellent for Pitta. Balances V. Increases K.,Silk Cotton Tree flower. Cooked as a vegetable when tender.
Dhataki Flower (धातकी फूल),Edible Flowers,0,0,0,0,Astringent (कषाय),Cooling (शीत),"Light, Dry (लघु, रूक्ष)",Pungent (कटु),"Excellent for P, K. Increases V.",Primarily used as a fermenting agent in Ayurvedic Asavas and Arishtas.
Bohhar Bhaji (बोहार भाजी),Leafy Greens,40,3.5,6,0.6,"Astringent, Sweet (कषाय, मधुर)",Cooling (शीत),"Light, Dry (लघु, रूक्ष)",Sweet (मधुर),"Balances P, K. Can increase V.",Tender leaves of the Cordia tree. A delicacy in Chhattisgarh.
Tinna Pana Bhaji (तिन्ना पाना भाजी),Leafy Greens,30,2.8,5,0.4,"Bitter, Astringent (तिक्त, कषाय)",Cooling (शीत),"Light, Dry (लघु, रूक्ष)",Pungent (कटु),"Balances P, K. Increases V.","A wild leafy green from Chhattisgarh, used in local cuisine."
Pihiri Mushroom (पिहरी),Vegetables,30,3.2,3.5,0.4,"Sweet, Earthy (मधुर)",Cooling (शीत),Light (लघु),Sweet (मधुर),Balances all doshas.,"A seasonal wild mushroom found in Sal forests of Chhattisgarh, lighter than Boda."
Char Fruit (चार),Fruits,300,8,35,15,Sweet (मधुर),Cooling (शीत),"Unctuous, Heavy (स्निग्ध, गुरु)",Sweet (मधुर),"Excellent for V, P. Increases K.",A wild fruit from Central India. The seed (Chironji) is a prized dry fruit.
Chironji (चिरौंजी),Nuts,656,19,12,59,Sweet (मधुर),Cooling (शीत),"Unctuous, Heavy (स्निग्ध, गुरु)",Sweet (मधुर),"Excellent for V, P. Increases K.",Seed of the Char fruit. Used in sweets.
Gond (गोंद),Gums & Resins,300,2,70,0.5,Sweet (मधुर),Heating (उष्ण),"Heavy, Unctuous (गुरु, स्निग्ध)",Sweet (मधुर),"Excellent for V. Can increase K, P.",Edible Gum Acacia. Used to make strengthening winter laddoos.
Guggulu (गुग्गुलु),Gums & Resins,0,0,0,0,"Bitter, Pungent, Astringent, Sweet",Heating (उष्ण),"Light, Sharp, Dry (लघु, तीक्ष्ण, रूक्ष)",Pungent (कटु),"Balances all doshas, especially Vata.",Medicinal resin. Excellent for joint pain and cholesterol.
Salai Guggul (शल्लकी),Gums & Resins,0,0,0,0,"Astringent, Bitter (कषाय, तिक्त)",Cooling (शीत),"Light, Dry (लघु, रूक्ष)",Pungent (कटु),"Balances P, K. Can increase V.",Boswellia serrata. Medicinal resin for joint pain.
Takra (तक्र),Dairy Drink,30,2,4,0.5,"Astringent, Sour (कषाय, अम्ल)",Cooling (शीत),Light (लघु),Sweet (मधुर),"Balances all doshas, especially Vata.",Ayurvedic buttermilk with a specific preparation. Excellent for gut health.
Aged Ghee (पुराण घृत),Fats & Oils,900,0,0,99.5,Pungent (कटु),Heating (उष्ण),"Light, Sharp, Dry (लघु, तीक्ष्ण, रूक्ष)",Pungent (कटु),"Balances V, K. Can increase P.",Ghee aged over a year. Has strong medicinal properties for neurological issues.
Handvo (हांडवो),Prepared Food,250,10,30,10,"Sweet, Sour, Pungent",Heating (उष्ण),"Heavy, Dry (गुरु, रूक्ष)",Sweet (मधुर),"Can increase V, P. Balances K.",Savory baked lentil and rice cake from Gujarat.
Chilla (Besan) (चीला),Prepared Food,200,10,25,8,"Astringent, Sweet",Heating (उष्ण),"Light, Dry (लघु, रूक्ष)",Pungent (कटु),"Balances K. Increases V, P.",Savory pancake made from gram flour. Can be drying.
Fara / Muthia (फरा),Prepared Food,160,4,32,2,Sweet (मधुर),Cooling (शीत),"Heavy, Dry (गुरु, रूक्ष)",Sweet (मधुर),"Balances P. Increases V, K.",Steamed rice flour dumplings. A Chhattisgarh specialty.
Aamat (आमट),Prepared Food,80,2,12,3,Sour (अम्ल),Heating (उष्ण),"Light, Liquid (लघु, द्रव)",Sour (अम्ल),"Balances V, K. Increases P.","A traditional sour stew/soup from Bastar, Chhattisgarh, made with bamboo shoots."
Thandai (ठंडाई),Prepared Food,150,4,20,6,Sweet (मधुर),Very Cooling (अति शीत),"Heavy, Unctuous (गुरु, स्निग्ध)",Sweet (मधुर),"Balances V, P. Increases K.","A cooling drink made with nuts, seeds, and spices."
Dal Baati (दाल बाटी),Prepared Food,450,15,60,18,"Sweet, Salty",Heating (उष्ण),"Very Heavy, Dry, Unctuous (अति गुरु, रूक्ष, स्निग्ध)",Sweet (मधुर),"Balances V. Strongly increases K, P.",Rajasthani dish of baked wheat balls with lentil curry. Very heavy.
Thekua (ठेकुआ),Prepared Food,400,6,60,16,Sweet (मधुर),Heating (उष्ण),"Heavy, Dry (गुरु, रूक्ष)",Sweet (मधुर),"Balances V. Increases K, P.",A traditional deep-fried cookie/biscuit from Bihar/Jharkhand.
Kantakari (कंटकारी),Herbs,30,2.5,5,0.2,"Pungent, Bitter (कटु, तिक्त)",Heating (उष्ण),"Light, Dry (लघु, रूक्ष)",Pungent (कटु),"Balances V, K. Increases P.",Medicinal herb for cough and respiratory conditions.
Vasa (वासा),Herbs,35,2,6,0.3,"Bitter, Astringent (तिक्त, कषाय)",Cooling (शीत),"Light, Dry (लघु, रूक्ष)",Pungent (कटु),"Balances P, K. Can increase V.","Medicinal herb, excellent expectorant for cough."
Manjistha (मंजिष्ठा),Herbs,40,2,8,0.4,"Bitter, Sweet, Astringent (तिक्त, मधुर, कषाय)",Cooling (शीत),"Heavy, Dry (गुरु, रूक्ष)",Pungent (कटु),"Balances P, K.",Premier blood purifying herb in Ayurveda.
Sariva (सारिवा),Herbs,50,2.5,10,0.5,"Sweet, Bitter (मधुर, तिक्त)",Cooling (शीत),"Heavy, Unctuous (गुरु, स्निग्ध)",Sweet (मधुर),"Balances all doshas, especially Pitta.","Cooling herb, good for skin and blood."
Nagarmotha (नागरमोथा),Herbs,60,3,12,1,"Pungent, Bitter, Astringent (कटु, तिक्त, कषाय)",Cooling (शीत),"Light, Dry (लघु, रूक्ष)",Pungent (कटु),"Balances P, K.","Digestive aid, helps in fever and gut health."
Vidanga (विडंग),Herbs,70,4,15,1.5,"Pungent, Astringent (कटु, कषाय)",Heating (उष्ण),"Light, Sharp, Dry (लघु, तीक्ष्ण, रूक्ष)",Pungent (कटु),"Balances V, K.",The best Ayurvedic herb for intestinal worms.
Sanchal Salt (संचाल नमक),Salts,0,0,0,0,"Salty, Pungent (लवण, कटु)",Heating (उष्ण),"Light, Sharp (लघु, तीक्ष्ण)",Pungent (कटु),"Balances V, K. Can increase P.",A type of black salt with a more sulfurous taste.
Vida Lavana (विदा नमक),Salts,0,0,0,0,Salty (लवण),Heating (उष्ण),"Light, Sharp (लघु, तीक्ष्ण)",Pungent (कटु),"Balances V, K. Increases P.","A type of salt used in Ayurveda, similar to black salt."
Wheatgrass Juice (व्हीटग्रास जूस),Juices,20,1.5,3,0.2,"Sweet, Bitter (मधुर, तिक्त)",Cooling (शीत),"Light, Sharp (लघु, तीक्ष्ण)",Sweet (मधुर),Excellent for Pitta. Balances K. Can increase V.,Very detoxifying and cleansing for the blood.
Aloe Vera Juice (एलोवेरा जूस),Juices,15,0.5,3.5,0.1,Bitter (तिक्त),Cooling (शीत),"Heavy, Unctuous, Sticky (गुरु, स्निग्ध, पिच्छिल)",Sweet (मधुर),"Balances all doshas, especially Pitta.","Excellent for gut health, liver, and skin."
Amla Juice (आंवला जूस),Juices,25,0.5,6,0.1,"Sour, Astringent (अम्ल, कषाय)",Cooling (शीत),Light (लघु),Sweet (मधुर),Balances all doshas.,Potent source of Vitamin C. Rejuvenating.
Lauki Juice (लौकी जूस),Juices,15,0.5,3,0.1,Sweet (मधुर),Cooling (शीत),"Light, Liquid (लघु, द्रव)",Sweet (मधुर),"Excellent for Pitta. Balances V, K.",Very cooling and good for the urinary system.
Karela Juice (करेला जूस),Juices,17,1,4,0.2,Bitter (तिक्त),Cooling (शीत),"Light, Dry (लघु, रूक्ष)",Pungent (कटु),"Excellent for P, K. Strongly increases V.",Very potent for managing blood sugar. Vata-aggravating.
Ash Gourd Juice (पेठा जूस),Juices,10,0.5,2.5,0.1,Sweet (मधुर),Very Cooling (अति शीत),"Light, Liquid (लघु, द्रव)",Sweet (मधुर),"Excellent for Pitta. Can increase V, K.",Clears heat from the system. Very calming for the mind.
Beetroot Kanji (चुकंदर कांजी),Fermented Drink,40,1,9,0.2,"Sour, Pungent (अम्ल, कटु)",Heating (उष्ण),"Light, Liquid (लघु, द्रव)",Sour (अम्ल),"Balances V, K. Increases P.","Probiotic drink made from beetroot, mustard seeds, and water."
Rice Kanji (चावल कांजी),Prepared Food,90,1.5,20,0.5,Sweet (मधुर),Cooling (शीत),"Light, Liquid (लघु, द्रव)",Sweet (मधुर),Balances all doshas.,Fermented rice gruel. Very light and digestible. Excellent during illness.
Dhokla (ढोकला),Prepared Food,160,9,20,5,"Sweet, Sour (मधुर, अम्ल)",Heating (उष्ण),"Light, Dry (लघु, रूक्ष)",Sour (अम्ल),"Can increase V, P. Balances K.","Steamed, spongy gram flour cake."
Sprouted Fenugreek (अंकुरित मेथी),Sprouts,35,4,6,0.5,Bitter (तिक्त),Heating (उष्ण),"Light, Dry (लघु, रूक्ष)",Pungent (कटु),"Excellent for K, V. Can increase P.",Very good for managing blood sugar. Bitter taste.
Sprouted Alfalfa (अंकुरित अल्फाल्फा),Sprouts,23,4,2.1,0.7,Astringent (कषाय),Cooling (शीत),"Light, Dry (लघु, रूक्ष)",Pungent (कटु),"Balances P, K. Can increase V.","Very nutritious, considered a superfood."
Sanai Flower (सनई फूल),Edible Flowers,45,3.5,8,0.4,"Astringent, Bitter (कषाय, तिक्त)",Cooling (शीत),"Light, Dry (लघु, रूक्ष)",Pungent (कटु),"Balances P, K. Can increase V.","Sesbania flower. Cooked as a vegetable, slightly bitter."
Guchchi Mushroom (गुच्छी),Vegetables,312,31,40,2,Sweet (मधुर),Cooling (शीत),"Heavy, Unctuous (गुरु, स्निग्ध)",Sweet (मधुर),"Balances V, P. Can increase K.","Morel mushrooms. A prized, expensive wild mushroom."
Karvanda (करवंदा),Fruits,51,1.1,13,0.5,"Sour, Astringent (अम्ल, कषाय)",Cooling (शीत),Light (लघु),Sour (अम्ल),Balances P. Can increase V.,Carissa carandas. A sour berry used for pickles and chutneys.
Tadgola / Ice Apple (ताड़गोला),Fruits,27,0.7,6,0.2,Sweet (मधुर),Very Cooling (अति शीत),"Heavy, Unctuous, Slimy (गुरु, स्निग्ध, पिच्छिल)",Sweet (मधुर),Excellent for Pitta. Balances V. Can increase K.,Jelly-like fruit of the Palmyra palm. Extremely cooling.
Buddha's Hand (बुद्ध का हाथ),Fruits,30,1,9,0.2,"Sour, Bitter (अम्ल, तिक्त)",Cooling (शीत),"Light, Dry (लघु, रूक्ष)",Sour (अम्ल),"Balances P, K. Can increase V.",A type of citron with a strong fragrance. Used for zest and flavoring.
Goda Masala (गोडा मसाला),Spice Blends,410,12,50,18,"Sweet, Pungent (मधुर, कटु)",Slightly Heating,"Light, Unctuous (लघु, स्निग्ध)",Sweet (मधुर),"Balances all doshas, especially Vata.",Maharashtrian spice blend with coconut and sesame. Less heating than Garam Masala.
Malvani Masala (मालवणी मसाला),Spice Blends,430,15,50,20,Pungent (कटु),Very Heating (अति उष्ण),"Sharp, Dry, Oily (तीक्ष्ण, रूक्ष, स्निग्ध)",Pungent (कटु),Balances K. Strongly increases P. Can increase V.,Spicy and hot masala from the Konkan coast.
Dal Dhokli (दाल ढोकली),Prepared Food,280,10,45,8,"Sweet, Sour, Salty",Heating (उष्ण),"Heavy, Unctuous (गुरु, स्निग्ध)",Sweet (मधुर),"Balances V. Increases P, K.",Wheat flour dumplings simmered in lentil curry. A Gujarati one-pot meal.
Zunka Bhakar (झुणका भाकर),Prepared Food,300,12,40,10,Pungent (कटु),Heating (उष्ण),"Heavy, Dry (गुरु, रूक्ष)",Pungent (कटु),"Balances V, K. Can increase P.",Maharashtrian dish of gram flour crumble served with millet flatbread.
Pithla (पिठलं),Prepared Food,150,8,15,6,"Pungent, Sour (कटु, अम्ल)",Heating (उष्ण),"Light, Liquid (लघु, द्रव)",Pungent (कटु),"Balances V, K. Can increase P.","A lighter, soupier version of Zunka."
Litti Chokha (लिट्टी चोखा),Prepared Food,350,10,50,12,"Pungent, Astringent",Heating (उष्ण),"Heavy, Dry (गुरु, रूक्ष)",Pungent (कटु),"Balances V, K. Can increase P.",Bihari specialty of stuffed whole wheat balls with roasted vegetable mash.
Ghugni (घुगनी),Prepared Food,180,8,25,5,"Sweet, Pungent (मधुर, कटु)",Heating (उष्ण),"Heavy, Dry (गुरु, रूक्ष)",Sweet (मधुर),"Balances V, K. Can increase P.","A spicy curry made from dried peas, popular in Eastern India."
Dalma (डालमा),Prepared Food,150,8,20,4,Sweet (मधुर),Cooling (शीत),Heavy (गुरु),Sweet (मधुर),Balances all doshas.,Odia dish of lentils and vegetables cooked together without much spice.
Kanji Vada (कांजी वड़ा),Prepared Food,120,5,15,4,"Sour, Pungent (अम्ल, कटु)",Heating (उष्ण),Light (लघु),Sour (अम्ल),"Balances V, K. Increases P.",Fermented mustard water with lentil dumplings. A Rajasthani probiotic.
Bedmi Puri (बेड़मी पूरी),Prepared Food,320,8,40,15,"Pungent, Astringent",Heating (उष्ण),"Very Heavy, Oily (अति गुरु, स्निग्ध)",Sweet (मधुर),"Balances V. Strongly increases K, P.",Spiced lentil-stuffed deep-fried bread from North India.
Pesarattu (पेसरट्टू),Prepared Food,150,8,25,2,Astringent (कषाय),Cooling (शीत),"Light, Dry (लघु, रूक्ष)",Pungent (कटु),"Balances P, K. Increases V.",Andhra crepe made from whole green gram. Lighter than Dosa.
Adai (अडाई),Prepared Food,200,10,30,5,Mixed,Heating (उष्ण),"Heavy, Dry (गुरु, रूक्ष)",Pungent (कटु),"Balances V, K. Can increase P.","Thick, savory pancake from mixed lentils and rice."
Kootu (कूटू),Prepared Food,120,6,15,4,"Sweet, Astringent (मधुर, कषाय)",Cooling (शीत),Heavy (गुरु),Sweet (मधुर),"Balances V, P. Can increase K.",South Indian stew of lentils and vegetables.
Pitha (पिठा),Prepared Food,180,4,38,1,Sweet (मधुर),Cooling (शीत),Heavy (गुरु),Sweet (मधुर),"Balances V, P. Increases K.","A variety of rice cakes from Eastern India, can be sweet or savory."
Chhena Gaja (छेना गजा),Prepared Food,400,10,50,20,Sweet (मधुर),Cooling (शीत),"Very Heavy, Oily (अति गुरु, स्निग्ध)",Sweet (मधुर),"Balances V, P. Strongly increases K.",A fried cheese-based sweet from Odisha.
Rabri (राबड़ी),Prepared Food,250,8,20,15,Sweet (मधुर),Cooling (शीत),"Very Heavy, Unctuous (अति गुरु, स्निग्ध)",Sweet (मधुर),"Balances V, P. Strongly increases K.","Sweet, condensed-milk-based dish."
Kalakand (कलाकंद),Prepared Food,380,15,40,18,Sweet (मधुर),Cooling (शीत),Very Heavy (अति गुरु),Sweet (मधुर),"Balances V, P. Strongly increases K.","A soft, grainy milk cake."
Thalipeeth Bhajani (थालीपीठ भाजणी),Flours,350,12,70,5,Mixed,Heating (उष्ण),"Heavy, Dry (गुरु, रूक्ष)",Pungent (कटु),"Balances V, K. Can increase P.",Multi-grain roasted flour mix from Maharashtra.
Upwas Bhajani (उपवास भाजणी),Flours,360,8,75,4,Sweet (मधुर),Cooling (शीत),Light (लघु),Sweet (मधुर),"Balances P, K. Can increase V.","Flour mix for fasting, typically from millets and tapioca."
Buffalo Ghee (भैंस का घी),Fats & Oils,900,0,0,99.5,Sweet (मधुर),Cooling (शीत),Heavier than cow ghee (गुरु),Sweet (मधुर),"Balances V, P. Increases K.",Heavier and more Kapha-aggravating than cow's ghee.
Kutki (कुटकी),Herbs,20,1.5,3,0.1,Bitter (तिक्त),Cooling (शीत),"Light, Dry (लघु, रूक्ष)",Pungent (कटु),Excellent for Pitta and Kapha.,**Medicinal Herb:** Extremely potent liver tonic. Not a culinary staple.
Chitrak (चित्रक),Herbs,25,2,4,0.2,Pungent (कटु),Heating (उष्ण),"Light, Dry, Sharp (लघु, रूक्ष, तीक्ष्ण)",Pungent (कटु),"Balances V, K. Increases P.",**Medicinal Herb:** Potent digestive stimulant (deepana). Use with caution.
Haritaki (हरीतकी),Herbs,50,3,10,0.5,All tastes except Salty,Heating (उष्ण),"Light, Dry (लघु, रूक्ष)",Sweet (मधुर),"Balances all doshas, especially Vata.",**Medicinal Herb:** 'King of Herbs'. A primary ingredient in Triphala.
Bibhitaki (बिभीतकी),Herbs,45,2.5,9,0.4,Astringent (कषाय),Heating (उष्ण),"Light, Dry (लघु, रूक्ष)",Sweet (मधुर),Balances Kapha and Pitta.,**Medicinal Herb:** Ingredient in Triphala. Good for respiratory system.
Vacha (वचा),Herbs,60,3,12,1,"Pungent, Bitter (कटु, तिक्त)",Heating (उष्ण),"Light, Sharp (लघु, तीक्ष्ण)",Pungent (कटु),"Balances V, K.",**Medicinal Herb:** Improves speech and intelligence.
Shankhpushpi (शंखपुष्पी),Herbs,30,2,5,0.2,"Bitter, Astringent (तिक्त, कषाय)",Cooling (शीत),Unctuous (स्निग्ध),Sweet (मधुर),Balances all doshas.,"**Medicinal Herb:** Excellent brain tonic, calms the mind."
Jatamansi (जटामांसी),Herbs,40,2.5,7,0.3,"Bitter, Astringent (तिक्त, कषाय)",Cooling (शीत),Light (लघु),Pungent (कटु),Balances all doshas.,"**Medicinal Herb:** Calms the nervous system, promotes sleep."
Kutaja (कुटज),Herbs,50,3,10,0.5,"Bitter, Astringent (तिक्त, कषाय)",Cooling (शीत),"Light, Dry (लघु, रूक्ष)",Pungent (कटु),"Balances P, K.",**Medicinal Herb:** The best Ayurvedic herb for diarrhea and dysentery.
Lodhra (लोध्र),Herbs,45,2,9,0.4,Astringent (कषाय),Cooling (शीत),"Light, Dry (लघु, रूक्ष)",Pungent (कटु),"Balances P, K.",**Medicinal Herb:** Used for women's health issues and skin conditions.
Date Palm Jaggery (नोलन गुड़),Sweeteners,370,0.5,95,0.1,Sweet (मधुर),Cooling (शीत),Heavy (गुरु),Sweet (मधुर),"Balances V, P. Increases K.","A seasonal, aromatic jaggery from Bengal."
Pointed Gourd (परवल),Vegetable,20,2,3.5,0.4,"Astringent, Bitter (कषाय, तिक्त)",Cooling (शीत),Light (लघु),Pungent (कटु),"Balances P, K. Can aggravate V.","Good for digestion, mild laxative."
Saffron (केसर),Spice,310,11,65,6,"Bitter, Sweet (तिक्त, मधुर)",Heating (उष्ण),Light (लघु),Sweet (मधुर),Balances all doshas.,"Rejuvenating, precious spice."
Rosemary (रोजमेरी),Herb,131,3.3,21,6,"Bitter, Pungent (कटु, तिक्त)",Heating (उष्ण),"Light, Sharp (लघु, तीक्ष्ण)",Pungent (कटु),"Balances K. Increases V, P.",Stimulates circulation.